source,model,point,block,name,description,longdescription,dtype,unit,category,meanings,labels
ss40k_inverter,40100,ID,fixed,ID,ID,ID Data code: 40100.ID,uint16,N/A,General,,
ss40k_inverter,40100,L,fixed,L,L,L Data code: 40100.L,uint16,N/A,General,,
ss40k_inverter,40100,siteID,fixed,siteID,site ID,site ID Data code: 40100.siteID,uint32,N/A,Site information,,
ss40k_inverter,40100,reserved1,fixed,reserved1,Reserved,Reserved Data code: 40100.reserved1,string,N/A,Site information,,
ss40k_inverter,40100,Mn,fixed,Mn,Equipment manufacturer,Equipment manufacturer Data code: 40100.Mn,string,N/A,PCS information,,
ss40k_inverter,40100,Md,fixed,Md,Device model identifier,Identifies the specific hardware model of the inverter as reported by the power conversion system (PCS). Used for tracking firmware compatibility and diagnostic reference. Data code: 40100.Md,string,N/A,PCS information,,Level of Detail: Complete; Equipment: Inverter; Component: AC Side; Type of Data: Nameplate
ss40k_inverter,40100,SN,fixed,SN,Device serial number,Unique serial number assigned to this inverter at manufacturing. Used to identify the physical unit for service Data code: 40100.SN,string,N/A,PCS information,,
ss40k_inverter,40100,vNom,fixed,vNom,Nominal AC voltage,Rated AC output voltage of the inverter under standard conditions. Indicates the design voltage of the grid interface. Data code: 40100.vNom,uint16,V,PCS information,,Level of Detail: Complete; Equipment: Inverter; Component: AC Side; Type of Data: Nameplate; Unit: Volt
ss40k_inverter,40100,fNom,fixed,fNom,Nominal AC frequency,Rated output frequency of the inverter when synchronized to the grid. Defines the system's base frequency for grid operation. Data code: 40100.fNom,uint16,Hz,PCS information,,Level of Detail: Complete; Equipment: Inverter; Component: AC Side; Type of Data: Nameplate; Unit: Freq
ss40k_inverter,40100,pNom,fixed,pNom,Nominal active power,Rated continuous active power output of the inverter at nominal operating conditions. Indicates maximum sustained real power delivery capability. Data code: 40100.pNom,uint32,W,PCS information,,Level of Detail: Complete; Equipment: Inverter; Component: AC Side; Type of Data: Nameplate; Unit: Power
ss40k_inverter,40100,sNom,fixed,sNom,Nominal apparent power,Rated continuous apparent power capacity (combined real and reactive components). Defines total output capability at rated voltage and frequency. Data code: 40100.sNom,uint32,VA,PCS information,,Level of Detail: Complete; Equipment: Inverter; Component: AC Side; Type of Data: Nameplate; Unit: Power
ss40k_inverter,40100,hwVer,fixed,hwVer,Hardware version,"Indicates the inverter hardware revision. Useful for verifying component compatibility, field updates, and service documentation. Data code: 40100.hwVer",uint16,N/A,PCS information,,Level of Detail: Complete; Equipment: Inverter; Component: AC Side; Type of Data: Nameplate
ss40k_inverter,40100,verDspMaster,fixed,verDspMaster,Master DSP firmware version,Firmware version of the main digital signal processor controlling inverter power conversion. Used for compatibility tracking and diagnostic support. Data code: 40100.verDspMaster,string,N/A,PCS information,,Level of Detail: Complete; Equipment: Inverter; Component: AC Side; Type of Data: Nameplate; Feature: Firmware
ss40k_inverter,40100,verDspSlave,fixed,verDspSlave,Slave DSP firmware version,Firmware version of the secondary DSP module responsible for parallel or auxiliary control functions. Used for synchronization and troubleshooting. Data code: 40100.verDspSlave,string,N/A,PCS information,,Level of Detail: Complete; Equipment: Inverter; Component: AC Side; Type of Data: Nameplate; Feature: Firmware
ss40k_inverter,40100,verArmEms,fixed,verArmEms,EMS ARM firmware version,"Firmware version of the embedded ARM processor managing energy management system (EMS) logic. Typically governs site-level control, communications, and grid interaction. Data code: 40100.verArmEms",string,N/A,PCS information,,Level of Detail: Complete; Equipment: Inverter; Component: AC Side; Type of Data: Nameplate; Feature: Firmware
ss40k_inverter,40100,verAFCI,fixed,verAFCI,AFCI module firmware version,Firmware version of the Arc-Fault Circuit Interrupter (AFCI) safety module. Confirms AFCI functionality and safety compliance level. Data code: 40100.verAFCI,string,N/A,PCS information,,Level of Detail: Complete; Equipment: Inverter; Component: AC Side; Type of Data: Nameplate; Feature: Firmware
ss40k_inverter,40100,verLCD1,fixed,verLCD1,LCD 1 firmware version,"Firmware version of the primary LCD interface board, used to display system status and settings. Data code: 40100.verLCD1",uint16,N/A,PCS information,,Level of Detail: Complete; Equipment: Inverter; Component: AC Side; Type of Data: Nameplate; Feature: Firmware
ss40k_inverter,40100,verLCD2,fixed,verLCD2,LCD 2 firmware version,Firmware version of the secondary LCD interface or expansion display module.  Data code: 40100.verLCD2,uint16,N/A,PCS information,,Level of Detail: Complete; Equipment: Inverter; Component: AC Side; Type of Data: Nameplate; Feature: Firmware
ss40k_inverter,40100,verProto,fixed,verProto,Protocol software version,Version of the communication protocol firmware that defines inverter data and command interface behavior. Data code: 40100.verProto,uint16,N/A,PCS information,,Level of Detail: Complete; Equipment: Inverter; Component: AC Side; Type of Data: Nameplate
ss40k_inverter,40100,verSafety,fixed,verSafety,Safety version,Version identifier for inverter safety control software. Used to confirm compliance with regulatory safety standards. Data code: 40100.verSafety,uint16,N/A,PCS information,,Level of Detail: Complete; Equipment: Inverter; Component: AC Side; Type of Data: Nameplate
ss40k_inverter,40100,reserved2,fixed,reserved2,Reserved,Reserved register. No current function. Data code: 40100.reserved2,string,N/A,PCS information,,
ss40k_inverter,40100,nMppt,fixed,nMppt,MPPT number,Number of independent Maximum Power Point Tracking (MPPT) channels available on the inverter. Each channel can independently optimize PV string voltage and current. Data code: 40100.nMppt,uint16,N/A,DC-PV,,Level of Detail: Complete; Equipment: Inverter; Component: PV-DC; Type of Data: Nameplate
ss40k_inverter,40100,reserved3,fixed,reserved3,Reserved,Reserved register. No current function. Data code: 40100.reserved3,string,N/A,DC-PV,,
ss40k_inverter,40100,nGridPhase,fixed,nGridPhase,Grid phase configuration,Configuration type for interconnection. Data code: 40100.nGridPhase,enum16,N/A,Grid,"{1: 'single phase', 2: 'split phase', 3: 'three phases'}",Level of Detail: Complete; Equipment: Inverter; Component: Grid; Type of Data: Nameplate; Type of Data: Status
ss40k_inverter,40100,reserved4,fixed,reserved4,Reserved,Reserved register. No current function. Data code: 40100.reserved4,string,N/A,Grid,,
ss40k_inverter,40100,V_SF,fixed,V_SF,Voltage scale factor,Scaling factor applied to voltage-related measurements. Used internally to convert raw data to engineering units. Data code: 40100.V_SF,sunssf,N/A,Scale Factors,,
ss40k_inverter,40100,Hz_SF,fixed,Hz_SF,Frequency scale factor,Scaling factor applied to frequency measurements. Used internally for frequency data normalization. Data code: 40100.Hz_SF,sunssf,N/A,Scale Factors,,
ss40k_inverter,40100,VA1_SF,fixed,VA1_SF,Apparent power scale factor,Scaling factor applied to apparent power measurements. Used to convert raw register values to display units. Data code: 40100.VA1_SF,sunssf,N/A,Scale Factors,,
ss40k_inverter,40100,W1_SF,fixed,W1_SF,Active power scale factor,Scaling factor applied to active power measurements. Used for engineering unit conversion. Data code: 40100.W1_SF,sunssf,N/A,Scale Factors,,
ss40k_inverter,40100,reserved5,fixed,reserved5,Reserved,Reserved register. No current function. Data code: 40100.reserved5,string,N/A,Scale Factors,,
ss40k_inverter,40101,ID,fixed,ID,Model identifier,Unique identifier for this SunSpec model block within the inverter’s data map. Used internally for addressing. Data code: 40101.ID,uint16,N/A,General,,
ss40k_inverter,40101,L,fixed,L,Model length,Specifies the number of registers used by this model block. Primarily used by integrators for protocol mapping and diagnostics. Data code: 40101.L,uint16,N/A,General,,
ss40k_inverter,40101,siteID,fixed,siteID,Site identifier,Unique identifier assigned to the installation site. Used for associating telemetry data with a specific system or location. Data code: 40101.siteID,uint32,N/A,Site information,,
ss40k_inverter,40101,reserved1,fixed,reserved1,Reserved,Reserved register. No current function. Data code: 40101.reserved1,string,N/A,Site information,,
ss40k_inverter,40101,SN,fixed,SN,Device serial number,"Unique serial number assigned to this inverter. Used for service tracking, firmware management, and telemetry association. Data code: 40101.SN",string,N/A,PCS information,,
ss40k_inverter,40101,reserved2,fixed,reserved2,Reserved,Reserved register. No current function. Data code: 40101.reserved2,string,N/A,PCS information,,
ss40k_inverter,40101,pvStat,fixed,pvStat,PV status,Indicates whether the photovoltaic input subsystem is operating normally or has detected a fault. Data code: 40101.pvStat,enum16,N/A,DC-PV,"{0: 'Normal', 1: 'Failure'}",Level of Detail: Complete; Equipment: Inverter; Component: PV-DC; Type of Data: Readings; Type of Data: Status
ss40k_inverter,40101,pPvTotal,fixed,pPvTotal,PV total input power,Total combined DC input power from all PV strings. Represents total DC solar generation by the inverter. Data code: 40101.pPvTotal,uint32,W,DC-PV,,Level of Detail: Standard; Level of Detail: Complete; Level of Detail: Extended; Equipment: Inverter; Component: PV-DC; Type of Data: Readings; Unit: Power
ss40k_inverter,40101,pMppt1,fixed,pMppt1,MPPT1 power,Instantaneous DC power measured at the first Maximum Power Point Tracking (MPPT) channel. Data code: 40101.pMppt1,uint32,W,DC-PV,,Level of Detail: Complete; Level of Detail: Extended; Equipment: Inverter; Component: PV-DC; Type of Data: Readings; Unit: Power
ss40k_inverter,40101,iMppt1,fixed,iMppt1,MPPT1 current,Input current flowing into MPPT channel 1 from the connected PV string. Data code: 40101.iMppt1,uint16,A,DC-PV,,Level of Detail: Complete; Level of Detail: Extended; Equipment: Inverter; Component: PV-DC; Type of Data: Readings; Unit: Current
ss40k_inverter,40101,vMppt1,fixed,vMppt1,MPPT1 voltage,Input voltage measured at MPPT channel 1 terminals. Data code: 40101.vMppt1,uint16,V,DC-PV,,Level of Detail: Complete; Level of Detail: Extended; Equipment: Inverter; Component: PV-DC; Type of Data: Readings; Unit: Volt
ss40k_inverter,40101,pMppt2,fixed,pMppt2,MPPT2 power,Instantaneous DC power measured at the second MPPT channel. Data code: 40101.pMppt2,uint32,W,DC-PV,,Level of Detail: Complete; Level of Detail: Extended; Equipment: Inverter; Component: PV-DC; Type of Data: Readings; Unit: Power
ss40k_inverter,40101,iMppt2,fixed,iMppt2,MPPT2 current,Input current flowing into MPPT channel 2 from the connected PV string. Data code: 40101.iMppt2,uint16,A,DC-PV,,Level of Detail: Complete; Level of Detail: Extended; Equipment: Inverter; Component: PV-DC; Type of Data: Readings; Unit: Current
ss40k_inverter,40101,vMppt2,fixed,vMppt2,MPPT2 voltage,Input voltage measured at MPPT channel 2 terminals. Data code: 40101.vMppt2,uint16,V,DC-PV,,Level of Detail: Complete; Level of Detail: Extended; Equipment: Inverter; Component: PV-DC; Type of Data: Readings; Unit: Volt
ss40k_inverter,40101,pMppt3,fixed,pMppt3,MPPT3 power,Instantaneous DC power measured at the third MPPT channel. Data code: 40101.pMppt3,uint32,W,DC-PV,,Level of Detail: Complete; Level of Detail: Extended; Equipment: Inverter; Component: PV-DC; Type of Data: Readings; Unit: Power
ss40k_inverter,40101,iMppt3,fixed,iMppt3,MPPT3 current,Input current flowing into MPPT channel 3 from the connected PV string. Data code: 40101.iMppt3,uint16,A,DC-PV,,Level of Detail: Complete; Level of Detail: Extended; Equipment: Inverter; Component: PV-DC; Type of Data: Readings; Unit: Current
ss40k_inverter,40101,vMppt3,fixed,vMppt3,MPPT3 voltage,Input voltage measured at MPPT channel 3 terminals. Data code: 40101.vMppt3,uint16,V,DC-PV,,Level of Detail: Complete; Level of Detail: Extended; Equipment: Inverter; Component: PV-DC; Type of Data: Readings; Unit: Volt
ss40k_inverter,40101,pMppt4,fixed,pMppt4,MPPT4 power,Instantaneous DC power measured at the fourth MPPT channel. Data code: 40101.pMppt4,uint32,W,DC-PV,,Level of Detail: Complete; Level of Detail: Extended; Equipment: Inverter; Component: PV-DC; Type of Data: Readings; Unit: Power
ss40k_inverter,40101,iMppt4,fixed,iMppt4,MPPT4 current,Input current flowing into MPPT channel 4 from the connected PV string. Data code: 40101.iMppt4,uint16,A,DC-PV,,Level of Detail: Complete; Level of Detail: Extended; Equipment: Inverter; Component: PV-DC; Type of Data: Readings; Unit: Current
ss40k_inverter,40101,vMppt4,fixed,vMppt4,MPPT4 voltage,Input voltage measured at MPPT channel 4 terminals. Data code: 40101.vMppt4,uint16,V,DC-PV,,Level of Detail: Complete; Level of Detail: Extended; Equipment: Inverter; Component: PV-DC; Type of Data: Readings; Unit: Volt
ss40k_inverter,40101,reserved3,fixed,reserved3,Reserved,Reserved register. No current function. Data code: 40101.reserved3,string,N/A,DC-PV,,
ss40k_inverter,40101,capBat,fixed,capBat,Battery capacity,Nameplate battery capacity expressed in amp-hours for the installed pack. Use to validate configuration and estimate runtime. This value is read from the inverter. Data code: 40101.capBat,uint16,Ah,Battery,,Level of Detail: Complete; Equipment: Battery; Component: Battery; Type of Data: Readings
ss40k_inverter,40101,socBat,fixed,socBat,Battery state of charge,Current battery state of charge as a percentage. This value is read from the inverter. Data code: 40101.socBat,uint16,%,Battery,,Level of Detail: Standard; Level of Detail: Complete; Level of Detail: Extended; Equipment: Battery; Component: Battery; Type of Data: Readings; Unit: %
ss40k_inverter,40101,sohBat,fixed,sohBat,Battery state of health,Average state of health across all battery modules. Indicates long-term capacity retention relative to new. This value is read from the inverter. Data code: 40101.sohBat,uint16,%,Battery,,Level of Detail: Complete; Equipment: Battery; Component: Battery; Type of Data: Readings; Unit: %
ss40k_inverter,40101,batChgDischMode,fixed,batChgDischMode,Battery charge/discharge mode,"Current battery operating state, reflecting whether the pack is charging, discharging, holding, or at an end-of-range condition. This value is read from the inverter. Data code: 40101.batChgDischMode",enum16,N/A,Battery,"{1: 'Charging', 2: 'Discharging', 3: 'Empty', 4: 'Full', 5: False, 6: 'Holding'}",Level of Detail: Complete; Equipment: Battery; Component: Battery; Type of Data: Readings; Type of Data: Status
ss40k_inverter,40101,pBatChg,fixed,pBatChg,Battery charge power,Positive real power flowing **into** the battery (charging). Useful for verifying charge limits and schedules. This value is read from the inverter. Data code: 40101.pBatChg,uint32,W,Battery,,Level of Detail: Standard; Level of Detail: Complete; Level of Detail: Extended; Equipment: Battery; Component: Battery; Type of Data: Readings; Unit: Power
ss40k_inverter,40101,pBatDischg,fixed,pBatDischg,Battery discharge power,Positive real power flowing **out of** the battery (discharging). Useful for load support and export control. This value is read from the inverter. Data code: 40101.pBatDischg,uint32,W,Battery,,Level of Detail: Standard; Level of Detail: Complete; Level of Detail: Extended; Equipment: Battery; Component: Battery; Type of Data: Readings; Unit: Power
ss40k_inverter,40101,iBat,fixed,iBat,Battery current,Instantaneous DC current at the battery terminals. Sign may indicate direction depending on implementation. This value is read from the inverter. Data code: 40101.iBat,int32,A,Battery,,Level of Detail: Complete; Level of Detail: Extended; Equipment: Battery; Component: Battery; Type of Data: Readings; Unit: Current
ss40k_inverter,40101,vBat,fixed,vBat,Battery voltage,Instantaneous DC voltage at the battery terminals. Use with current to validate power and cable sizing. This value is read from the inverter. Data code: 40101.vBat,uint16,V,Battery,,Level of Detail: Standard; Level of Detail: Complete; Level of Detail: Extended; Equipment: Battery; Component: Battery; Type of Data: Readings; Unit: Volt
ss40k_inverter,40101,vBatCellMax,fixed,vBatCellMax,Battery maximum cell voltage,Highest measured single-cell voltage across the pack. Useful for balancing and protection checks. This value is read from the inverter. Data code: 40101.vBatCellMax,uint16,V,Battery,,Level of Detail: Complete; Equipment: Battery; Component: Battery; Type of Data: Readings; Unit: Volt
ss40k_inverter,40101,vBatCellMin,fixed,vBatCellMin,Battery minimum cell voltage,Lowest measured single-cell voltage across the pack. Useful for diagnosing imbalance and aging. This value is read from the inverter. Data code: 40101.vBatCellMin,uint16,V,Battery,,Level of Detail: Complete; Equipment: Battery; Component: Battery; Type of Data: Readings; Unit: Volt
ss40k_inverter,40101,locBatCellVoltMax,fixed,locBatCellVoltMax,Module index of max cell voltage,Index (smallest module number) of the module containing the highest cell voltage. Aids pinpointing imbalance. This value is read from the inverter. Data code: 40101.locBatCellVoltMax,uint32,N/A,Battery,,Level of Detail: Complete; Equipment: Battery; Component: Battery; Type of Data: Readings; Unit: Volt
ss40k_inverter,40101,locBatCellVoltMin,fixed,locBatCellVoltMin,Module index of min cell voltage,Index (smallest module number) of the module containing the lowest cell voltage. Aids pinpointing weak cells. This value is read from the inverter. Data code: 40101.locBatCellVoltMin,uint32,N/A,Battery,,Level of Detail: Complete; Equipment: Battery; Component: Battery; Type of Data: Readings; Unit: Volt
ss40k_inverter,40101,tempBat,fixed,tempBat,Battery temperature,Measured temperature representative of the battery pack environment. Used for thermal limits and performance. This value is read from the inverter. Data code: 40101.tempBat,int16,C,Battery,,Level of Detail: Complete; Equipment: Battery; Component: Battery; Type of Data: Readings; Unit: Temp
ss40k_inverter,40101,tempBatCellAvg,fixed,tempBatCellAvg,Battery average cell temperature,Average temperature across cells/modules. Useful for trend and thermal management. This value is read from the inverter. Data code: 40101.tempBatCellAvg,int16,C,Battery,,Level of Detail: Complete; Equipment: Battery; Component: Battery; Type of Data: Readings; Unit: Temp
ss40k_inverter,40101,tempBatCellMax,fixed,tempBatCellMax,Battery maximum cell temperature,Highest measured cell/module temperature. Check against derating and protection thresholds. This value is read from the inverter. Data code: 40101.tempBatCellMax,int16,C,Battery,,Level of Detail: Complete; Equipment: Battery; Component: Battery; Type of Data: Readings; Unit: Temp
ss40k_inverter,40101,tempBatCellMin,fixed,tempBatCellMin,Battery minimum cell temperature,Lowest measured cell/module temperature. Helps detect sensor faults or cold spots. This value is read from the inverter. Data code: 40101.tempBatCellMin,int16,C,Battery,,Level of Detail: Complete; Equipment: Battery; Component: Battery; Type of Data: Readings; Unit: Temp
ss40k_inverter,40101,locBatCellTempMax,fixed,locBatCellTempMax,Module index of max cell temperature,Index (smallest module number) of the module with the highest cell temperature for targeted inspection. This value is read from the inverter. Data code: 40101.locBatCellTempMax,uint32,N/A,Battery,,Level of Detail: Complete; Equipment: Battery; Component: Battery; Type of Data: Readings; Unit: Temp
ss40k_inverter,40101,locBatCellTempMin,fixed,locBatCellTempMin,Module index of min cell temperature,Index (smallest module number) of the module with the lowest cell temperature for targeted inspection. This value is read from the inverter. Data code: 40101.locBatCellTempMin,uint32,N/A,Battery,,Level of Detail: Complete; Equipment: Battery; Component: Battery; Type of Data: Readings; Unit: Temp
ss40k_inverter,40101,bmsReqForceChg,fixed,bmsReqForceChg,Forced charging (BMS request),BMS request flag indicating whether a forced charge is commanded due to protection or balancing needs. This value is read from the inverter. Data code: 40101.bmsReqForceChg,enum16,N/A,Battery,"{0: 'BMS Force charge: OFF', 1: 'BMS Force charge: ON'}",Level of Detail: Complete; Equipment: Battery; Component: Battery; Type of Data: Readings; Type of Data: Status
ss40k_inverter,40101,reserved4,fixed,reserved4,Reserved,Reserved register. No current function. Data code: 40101.reserved4,string,N/A,Battery,,
ss40k_inverter,40101,W,fixed,W,Inverter Power,Net active (real) power at the inverter AC output. Data code: 40101.W,int32,W,Inverter,,Level of Detail: Standard; Level of Detail: Complete; Level of Detail: Extended; Equipment: Inverter; Component: AC Side; Type of Data: Readings; Unit: Power
ss40k_inverter,40101,Var,fixed,Var,Reactive power total,Total reactive power at the inverter AC output for power factor and VAR support analysis. Data code: 40101.Var,int32,Var,Inverter,,Level of Detail: Complete; Equipment: Inverter; Component: AC Side; Type of Data: Readings; Unit: Power
ss40k_inverter,40101,VA,fixed,VA,Apparent power total,Total apparent power at the inverter AC output (vector sum of real and reactive components). Data code: 40101.VA,uint32,VA,Inverter,,Level of Detail: Complete; Equipment: Inverter; Component: AC Side; Type of Data: Readings; Unit: Power
ss40k_inverter,40101,PF,fixed,PF,Power factor,Instantaneous power factor of the inverter AC output. Unitless ratio of real to apparent power. Data code: 40101.PF,int16,N/A,Inverter,,Level of Detail: Complete; Equipment: Inverter; Component: AC Side; Type of Data: Readings
ss40k_inverter,40101,A,fixed,A,Total AC current,Sum of RMS currents across active phases at the inverter output. Data code: 40101.A,int32,A,Inverter,,Level of Detail: Complete; Equipment: Inverter; Component: AC Side; Type of Data: Readings; Unit: Current
ss40k_inverter,40101,LLV,fixed,LLV,Inverter Output Voltage,Line-to-line RMS voltage at the inverter output (average of active phases). Data code: 40101.LLV,uint16,V,Inverter,,Level of Detail: Standard; Level of Detail: Complete; Level of Detail: Extended; Equipment: Inverter; Component: AC Side; Type of Data: Readings; Unit: Volt
ss40k_inverter,40101,LNV,fixed,LNV,Inverter Output Voltage L-N,Line-to-neutral RMS voltage at the inverter output. Data code: 40101.LNV,uint16,V,Inverter,,Level of Detail: Complete; Equipment: Inverter; Component: AC Side; Type of Data: Readings; Unit: Volt
ss40k_inverter,40101,Hz,fixed,Hz,AC frequency,Output frequency of the inverter when operating. Useful for grid sync and backup mode checks. Data code: 40101.Hz,uint32,Hz,Inverter,,Level of Detail: Complete; Level of Detail: Extended; Equipment: Inverter; Component: AC Side; Type of Data: Readings; Unit: Freq
ss40k_inverter,40101,WL1,fixed,WL1,Active power L1,Real power on phase L1 at the inverter output. Data code: 40101.WL1,int32,W,Inverter,,Level of Detail: Complete; Equipment: Inverter; Component: AC Side; Type of Data: Readings; Unit: Power
ss40k_inverter,40101,VarL1,fixed,VarL1,Reactive power L1,Reactive power on phase L1 at the inverter output. Data code: 40101.VarL1,int32,Var,Inverter,,Level of Detail: Complete; Equipment: Inverter; Component: AC Side; Type of Data: Readings; Unit: Power
ss40k_inverter,40101,VAL1,fixed,VAL1,Apparent power L1,Apparent power on phase L1 at the inverter output. Data code: 40101.VAL1,uint32,VA,Inverter,,Level of Detail: Complete; Equipment: Inverter; Component: AC Side; Type of Data: Readings; Unit: Power
ss40k_inverter,40101,PFL1,fixed,PFL1,Power factor L1,Phase L1 power factor (unitless). Data code: 40101.PFL1,int16,N/A,Inverter,,Level of Detail: Complete; Equipment: Inverter; Component: AC Side; Type of Data: Readings
ss40k_inverter,40101,AL1,fixed,AL1,Current L1,RMS current on phase L1 at the inverter output. Data code: 40101.AL1,int32,A,Inverter,,Level of Detail: Complete; Equipment: Inverter; Component: AC Side; Type of Data: Readings; Unit: Current
ss40k_inverter,40101,VL1L2,fixed,VL1L2,Voltage L1-L2,Line-to-line voltage between phases L1 and L2. Data code: 40101.VL1L2,uint16,V,Inverter,,Level of Detail: Complete; Equipment: Inverter; Component: AC Side; Type of Data: Readings; Unit: Volt
ss40k_inverter,40101,VL1,fixed,VL1,Voltage L1-N,Line-to-neutral voltage on phase L1. Data code: 40101.VL1,uint16,V,Inverter,,Level of Detail: Complete; Equipment: Inverter; Component: AC Side; Type of Data: Readings; Unit: Volt
ss40k_inverter,40101,WL2,fixed,WL2,Active power L2,Real power on phase L2 at the inverter output. Data code: 40101.WL2,int32,W,Inverter,,Level of Detail: Complete; Equipment: Inverter; Component: AC Side; Type of Data: Readings; Unit: Power
ss40k_inverter,40101,VarL2,fixed,VarL2,Reactive power L2,Reactive power on phase L2 at the inverter output. Data code: 40101.VarL2,int32,Var,Inverter,,Level of Detail: Complete; Equipment: Inverter; Component: AC Side; Type of Data: Readings; Unit: Power
ss40k_inverter,40101,VAL2,fixed,VAL2,Apparent power L2,Apparent power on phase L2 at the inverter output. Data code: 40101.VAL2,uint32,VA,Inverter,,Level of Detail: Complete; Equipment: Inverter; Component: AC Side; Type of Data: Readings; Unit: Power
ss40k_inverter,40101,PFL2,fixed,PFL2,Power factor L2,Phase L2 power factor (unitless). Data code: 40101.PFL2,int16,N/A,Inverter,,Level of Detail: Complete; Equipment: Inverter; Component: AC Side; Type of Data: Readings
ss40k_inverter,40101,AL2,fixed,AL2,Current L2,RMS current on phase L2 at the inverter output. Data code: 40101.AL2,int32,A,Inverter,,Level of Detail: Complete; Equipment: Inverter; Component: AC Side; Type of Data: Readings; Unit: Current
ss40k_inverter,40101,VL2L3,fixed,VL2L3,Voltage L2-L3,Line-to-line voltage between phases L2 and L3. Data code: 40101.VL2L3,uint16,V,Inverter,,Level of Detail: Complete; Equipment: Inverter; Component: AC Side; Type of Data: Readings; Unit: Volt
ss40k_inverter,40101,VL2,fixed,VL2,Voltage L2-N,Line-to-neutral voltage on phase L2. Data code: 40101.VL2,uint16,V,Inverter,,Level of Detail: Complete; Equipment: Inverter; Component: AC Side; Type of Data: Readings; Unit: Volt
ss40k_inverter,40101,WL3,fixed,WL3,Active power L3,Real power on phase L3 at the inverter output. Data code: 40101.WL3,int32,W,Inverter,,Level of Detail: Complete; Equipment: Inverter; Component: AC Side; Type of Data: Readings; Unit: Power
ss40k_inverter,40101,VarL3,fixed,VarL3,Reactive power L3,Reactive power on phase L3 at the inverter output. Data code: 40101.VarL3,int32,Var,Inverter,,Level of Detail: Complete; Equipment: Inverter; Component: AC Side; Type of Data: Readings; Unit: Power
ss40k_inverter,40101,VAL3,fixed,VAL3,Apparent power L3,Apparent power on phase L3 at the inverter output. Data code: 40101.VAL3,uint32,VA,Inverter,,Level of Detail: Complete; Equipment: Inverter; Component: AC Side; Type of Data: Readings; Unit: Power
ss40k_inverter,40101,PFL3,fixed,PFL3,Power factor L3,Phase L3 power factor (unitless). Data code: 40101.PFL3,int16,N/A,Inverter,,Level of Detail: Complete; Equipment: Inverter; Component: AC Side; Type of Data: Readings
ss40k_inverter,40101,AL3,fixed,AL3,Current L3,RMS current on phase L3 at the inverter output. Data code: 40101.AL3,int32,A,Inverter,,Level of Detail: Complete; Equipment: Inverter; Component: AC Side; Type of Data: Readings; Unit: Current
ss40k_inverter,40101,VL3L1,fixed,VL3L1,Voltage L3-L1,Line-to-line voltage between phases L3 and L1. Data code: 40101.VL3L1,uint16,V,Inverter,,Level of Detail: Complete; Equipment: Inverter; Component: AC Side; Type of Data: Readings; Unit: Volt
ss40k_inverter,40101,VL3,fixed,VL3,Voltage L3-N,Line-to-neutral voltage on phase L3. Data code: 40101.VL3,uint16,V,Inverter,,Level of Detail: Complete; Equipment: Inverter; Component: AC Side; Type of Data: Readings; Unit: Volt
ss40k_inverter,40101,Prec,fixed,Prec,AC charging rectification power,Power consumed by the rectifier stage during AC charging of the battery (if applicable). Data code: 40101.Prec,int32,W,Inverter,,Level of Detail: Complete; Equipment: Inverter; Component: AC Side; Type of Data: Readings; Unit: Power
ss40k_inverter,40101,tempAmb,fixed,tempAmb,Ambient temperature,Ambient temperature measured near the inverter enclosure. Useful for site condition assessment. Data code: 40101.tempAmb,int16,C,Inverter,,Level of Detail: Complete; Equipment: Inverter; Component: AC Side; Type of Data: Readings; Unit: Temp
ss40k_inverter,40101,tempInt,fixed,tempInt,Internal temperature,Internal inverter temperature. Used for thermal protection and derating analysis. Data code: 40101.tempInt,int16,C,Inverter,,Level of Detail: Complete; Equipment: Inverter; Component: AC Side; Type of Data: Readings; Unit: Temp
ss40k_inverter,40101,tempLLC,fixed,tempLLC,LLC circuit temperature,Temperature of the LLC (resonant) stage or equivalent converter section. Monitor for stress and cooling adequacy. Data code: 40101.tempLLC,int16,C,Inverter,,Level of Detail: Complete; Equipment: Inverter; Component: AC Side; Type of Data: Readings; Unit: Temp
ss40k_inverter,40101,tempInv,fixed,tempInv,Inverter circuit temperature,Temperature of the inverter power stage heat sink or IGBTs/MOSFETs. Data code: 40101.tempInv,int16,C,Inverter,,Level of Detail: Complete; Equipment: Inverter; Component: AC Side; Type of Data: Readings; Unit: Temp
ss40k_inverter,40101,reserved5,fixed,reserved5,Reserved,Reserved register. No current function. Data code: 40101.reserved5,string,N/A,Inverter,,
ss40k_inverter,40101,gridStat,fixed,gridStat,Grid status,Status of the utility/grid input as detected by the inverter protection and sync logic. Data code: 40101.gridStat,enum16,N/A,Grid,"{0: 'Normal', 1: 'Failure'}",Level of Detail: Complete; Equipment: Inverter; Component: Grid; Type of Data: Readings; Type of Data: Status
ss40k_inverter,40101,pGridImpTot,fixed,pGridImpTot,Power imported from grid,Total real power imported from the grid (consumed by the site). Data code: 40101.pGridImpTot,uint32,W,Grid,,Level of Detail: Standard; Level of Detail: Complete; Level of Detail: Extended; Equipment: Inverter; Component: Grid; Type of Data: Readings; Unit: Power
ss40k_inverter,40101,pGridExpTot,fixed,pGridExpTot,Power exported to grid,Total real power exported to the grid from PV and battery discharge. Data code: 40101.pGridExpTot,uint32,W,Grid,,Level of Detail: Standard; Level of Detail: Complete; Level of Detail: Extended; Equipment: Inverter; Component: Grid; Type of Data: Readings; Unit: Power
ss40k_inverter,40101,qGridTot,fixed,qGridTot,Grid reactive power,Total reactive power at the point of common coupling for the grid connection. Data code: 40101.qGridTot,int32,Var,Grid,,Level of Detail: Complete; Equipment: Inverter; Component: Grid; Type of Data: Readings; Unit: Power
ss40k_inverter,40101,sGridTot,fixed,sGridTot,Grid apparent power,Total apparent power at the grid connection point. Data code: 40101.sGridTot,uint32,VA,Grid,,Level of Detail: Complete; Equipment: Inverter; Component: Grid; Type of Data: Readings; Unit: Power
ss40k_inverter,40101,pfGridTot,fixed,pfGridTot,Grid power factor,Overall power factor measured at the grid connection point. Data code: 40101.pfGridTot,int16,N/A,Grid,,Level of Detail: Complete; Equipment: Inverter; Component: Grid; Type of Data: Readings
ss40k_inverter,40101,iGridTot,fixed,iGridTot,Grid current,Sum of RMS currents across active grid phases at the metering point. Data code: 40101.iGridTot,int32,A,Grid,,Level of Detail: Complete; Equipment: Inverter; Component: Grid; Type of Data: Readings; Unit: Current
ss40k_inverter,40101,vGridLL,fixed,vGridLL,Grid Voltage,Line-to-line voltage measured at the grid connection. Data code: 40101.vGridLL,uint16,V,Grid,,Level of Detail: Standard; Level of Detail: Complete; Level of Detail: Extended; Equipment: Inverter; Component: Grid; Type of Data: Readings; Unit: Volt
ss40k_inverter,40101,vGridLN,fixed,vGridLN,Grid Voltage L-N,Line-to-neutral voltage measured at the grid connection. Data code: 40101.vGridLN,uint16,V,Grid,,Level of Detail: Complete; Equipment: Inverter; Component: Grid; Type of Data: Readings; Unit: Volt
ss40k_inverter,40101,fGrid,fixed,fGrid,Grid frequency,Measured utility frequency at the point of interconnection. Data code: 40101.fGrid,uint16,Hz,Grid,,Level of Detail: Complete; Level of Detail: Extended; Equipment: Inverter; Component: Grid; Type of Data: Readings; Unit: Freq
ss40k_inverter,40101,pGridL1,fixed,pGridL1,Grid active power L1,Real power on grid phase L1 (import/export sign per implementation). Data code: 40101.pGridL1,int32,W,Grid,,Level of Detail: Complete; Equipment: Inverter; Component: Grid; Type of Data: Readings; Unit: Power
ss40k_inverter,40101,qGridL1,fixed,qGridL1,Grid reactive power L1,Reactive power on grid phase L1. Data code: 40101.qGridL1,int32,Var,Grid,,Level of Detail: Complete; Equipment: Inverter; Component: Grid; Type of Data: Readings; Unit: Power
ss40k_inverter,40101,sGridL1,fixed,sGridL1,Grid apparent power L1,Apparent power on grid phase L1. Data code: 40101.sGridL1,uint32,VA,Grid,,Level of Detail: Complete; Equipment: Inverter; Component: Grid; Type of Data: Readings; Unit: Power
ss40k_inverter,40101,pfGridL1,fixed,pfGridL1,Grid power factor L1,Power factor on grid phase L1 (unitless). Data code: 40101.pfGridL1,int16,N/A,Grid,,Level of Detail: Complete; Equipment: Inverter; Component: Grid; Type of Data: Readings
ss40k_inverter,40101,iGridL1,fixed,iGridL1,Grid current L1,RMS current on grid phase L1. Data code: 40101.iGridL1,int32,A,Grid,,Level of Detail: Complete; Equipment: Inverter; Component: Grid; Type of Data: Readings; Unit: Current
ss40k_inverter,40101,vGridL12,fixed,vGridL12,Grid voltage L1-L2,Line-to-line voltage between grid phases L1 and L2. Data code: 40101.vGridL12,uint16,V,Grid,,Level of Detail: Complete; Equipment: Inverter; Component: Grid; Type of Data: Readings; Unit: Volt
ss40k_inverter,40101,vGridL1N,fixed,vGridL1N,Grid voltage L1-N,Line-to-neutral voltage on grid phase L1. Data code: 40101.vGridL1N,uint16,V,Grid,,Level of Detail: Complete; Equipment: Inverter; Component: Grid; Type of Data: Readings; Unit: Volt
ss40k_inverter,40101,pGridL2,fixed,pGridL2,Grid active power L2,Real power on grid phase L2. Data code: 40101.pGridL2,int32,W,Grid,,Level of Detail: Complete; Equipment: Inverter; Component: Grid; Type of Data: Readings; Unit: Power
ss40k_inverter,40101,qGridL2,fixed,qGridL2,Grid reactive power L2,Reactive power on grid phase L2. Data code: 40101.qGridL2,int32,Var,Grid,,Level of Detail: Complete; Equipment: Inverter; Component: Grid; Type of Data: Readings; Unit: Power
ss40k_inverter,40101,sGridL2,fixed,sGridL2,Grid apparent power L2,Apparent power on grid phase L2. Data code: 40101.sGridL2,uint32,VA,Grid,,Level of Detail: Complete; Equipment: Inverter; Component: Grid; Type of Data: Readings; Unit: Power
ss40k_inverter,40101,pfGridL2,fixed,pfGridL2,Grid power factor L2,Power factor on grid phase L2 (unitless). Data code: 40101.pfGridL2,int16,N/A,Grid,,Level of Detail: Complete; Equipment: Inverter; Component: Grid; Type of Data: Readings
ss40k_inverter,40101,iGridL2,fixed,iGridL2,Grid current L2,RMS current on grid phase L2. Data code: 40101.iGridL2,int32,A,Grid,,Level of Detail: Complete; Equipment: Inverter; Component: Grid; Type of Data: Readings; Unit: Current
ss40k_inverter,40101,vGridL23,fixed,vGridL23,Grid voltage L2-L3,Line-to-line voltage between grid phases L2 and L3. Data code: 40101.vGridL23,uint16,V,Grid,,Level of Detail: Complete; Equipment: Inverter; Component: Grid; Type of Data: Readings; Unit: Volt
ss40k_inverter,40101,vGridL2N,fixed,vGridL2N,Grid voltage L2-N,Line-to-neutral voltage on grid phase L2. Data code: 40101.vGridL2N,uint16,V,Grid,,Level of Detail: Complete; Equipment: Inverter; Component: Grid; Type of Data: Readings; Unit: Volt
ss40k_inverter,40101,pGridL3,fixed,pGridL3,Grid active power L3,Real power on grid phase L3. Data code: 40101.pGridL3,int32,W,Grid,,Level of Detail: Complete; Equipment: Inverter; Component: Grid; Type of Data: Readings; Unit: Power
ss40k_inverter,40101,qGridL3,fixed,qGridL3,Grid reactive power L3,Reactive power on grid phase L3. Data code: 40101.qGridL3,int32,Var,Grid,,Level of Detail: Complete; Equipment: Inverter; Component: Grid; Type of Data: Readings; Unit: Power
ss40k_inverter,40101,sGridL3,fixed,sGridL3,Grid apparent power L3,Apparent power on grid phase L3. Data code: 40101.sGridL3,uint32,VA,Grid,,Level of Detail: Complete; Equipment: Inverter; Component: Grid; Type of Data: Readings; Unit: Power
ss40k_inverter,40101,pfGridL3,fixed,pfGridL3,Grid power factor L3,Power factor on grid phase L3 (unitless). Data code: 40101.pfGridL3,int16,N/A,Grid,,Level of Detail: Complete; Equipment: Inverter; Component: Grid; Type of Data: Readings
ss40k_inverter,40101,iGridL3,fixed,iGridL3,Grid current L3,RMS current on grid phase L3. Data code: 40101.iGridL3,int32,A,Grid,,Level of Detail: Complete; Equipment: Inverter; Component: Grid; Type of Data: Readings; Unit: Current
ss40k_inverter,40101,vGridL31,fixed,vGridL31,Grid voltage L3-L1,Line-to-line voltage between grid phases L3 and L1. Data code: 40101.vGridL31,uint16,V,Grid,,Level of Detail: Complete; Equipment: Inverter; Component: Grid; Type of Data: Readings; Unit: Volt
ss40k_inverter,40101,vGridL3N,fixed,vGridL3N,Grid voltage L3-N,Line-to-neutral voltage on grid phase L3. Data code: 40101.vGridL3N,uint16,V,Grid,,Level of Detail: Complete; Equipment: Inverter; Component: Grid; Type of Data: Readings; Unit: Volt
ss40k_inverter,40101,reserved6,fixed,reserved6,Reserved,Reserved register. No current function. Data code: 40101.reserved6,string,N/A,Grid,,
ss40k_inverter,40101,bkupRelayStat,fixed,bkupRelayStat,Backup relay status,Indicates whether the backup/output isolation relay is open or closed. Data code: 40101.bkupRelayStat,enum16,N/A,Backup,"{0: 'Open(Off)', 1: 'Close(On)'}",Level of Detail: Complete; Equipment: Inverter; Component: Backup Power; Type of Data: Readings; Type of Data: Status
ss40k_inverter,40101,pBkupTot,fixed,pBkupTot,Backup active power,Total real power delivered to backup loads/output. Data code: 40101.pBkupTot,uint32,W,Backup,,Level of Detail: Standard; Level of Detail: Complete; Level of Detail: Extended; Equipment: Inverter; Component: Backup Power; Type of Data: Readings; Unit: Power
ss40k_inverter,40101,qBkupTot,fixed,qBkupTot,Backup reactive power,Total reactive power on the backup output. Data code: 40101.qBkupTot,int32,Var,Backup,,Level of Detail: Complete; Equipment: Inverter; Component: Backup Power; Type of Data: Readings; Unit: Power
ss40k_inverter,40101,sBkupTot,fixed,sBkupTot,Backup apparent power,Total apparent power on the backup output. Data code: 40101.sBkupTot,uint32,VA,Backup,,Level of Detail: Complete; Equipment: Inverter; Component: Backup Power; Type of Data: Readings; Unit: Power
ss40k_inverter,40101,pfBkupTot,fixed,pfBkupTot,Backup power factor,Overall power factor measured on the backup output. Data code: 40101.pfBkupTot,int16,N/A,Backup,,Level of Detail: Complete; Equipment: Inverter; Component: Backup Power; Type of Data: Readings
ss40k_inverter,40101,iBkupTot,fixed,iBkupTot,Backup current,Sum of RMS currents across backup phases. Data code: 40101.iBkupTot,uint32,A,Backup,,Level of Detail: Complete; Equipment: Inverter; Component: Backup Power; Type of Data: Readings; Unit: Current
ss40k_inverter,40101,vBkupLL,fixed,vBkupLL,Voltage backup LL,Line-to-line voltage measured on the backup output. Data code: 40101.vBkupLL,uint16,V,Backup,,Level of Detail: Complete; Equipment: Inverter; Component: Backup Power; Type of Data: Readings; Unit: Volt
ss40k_inverter,40101,vBkupLN,fixed,vBkupLN,Voltage backup LN,Line-to-neutral voltage measured on the backup output. Data code: 40101.vBkupLN,uint16,V,Backup,,Level of Detail: Complete; Equipment: Inverter; Component: Backup Power; Type of Data: Readings; Unit: Volt
ss40k_inverter,40101,fBkup,fixed,fBkup,Backup frequency,Measured frequency on the backup output when islanded or supported. Data code: 40101.fBkup,uint16,Hz,Backup,,Level of Detail: Complete; Level of Detail: Extended; Equipment: Inverter; Component: Backup Power; Type of Data: Readings; Unit: Freq
ss40k_inverter,40101,pBkupL1,fixed,pBkupL1,Backup active power L1,Real power on backup phase L1. Data code: 40101.pBkupL1,uint32,W,Backup,,Level of Detail: Complete; Equipment: Inverter; Component: Backup Power; Type of Data: Readings; Unit: Power
ss40k_inverter,40101,qBkupL1,fixed,qBkupL1,Backup reactive power L1,Reactive power on backup phase L1. Data code: 40101.qBkupL1,int32,Var,Backup,,Level of Detail: Complete; Equipment: Inverter; Component: Backup Power; Type of Data: Readings; Unit: Power
ss40k_inverter,40101,sBkupL1,fixed,sBkupL1,Backup apparent power L1,Apparent power on backup phase L1. Data code: 40101.sBkupL1,uint32,VA,Backup,,Level of Detail: Complete; Equipment: Inverter; Component: Backup Power; Type of Data: Readings; Unit: Power
ss40k_inverter,40101,pfBkupL1,fixed,pfBkupL1,Backup power factor L1,Power factor on backup phase L1 (unitless). Data code: 40101.pfBkupL1,int16,N/A,Backup,,Level of Detail: Complete; Equipment: Inverter; Component: Backup Power; Type of Data: Readings
ss40k_inverter,40101,iBkupL1,fixed,iBkupL1,Backup current L1,RMS current on backup phase L1. Data code: 40101.iBkupL1,uint32,A,Backup,,Level of Detail: Complete; Equipment: Inverter; Component: Backup Power; Type of Data: Readings; Unit: Current
ss40k_inverter,40101,vBkupL12,fixed,vBkupL12,Backup voltage L1-L2,Line-to-line voltage between backup phases L1 and L2. Data code: 40101.vBkupL12,uint16,V,Backup,,Level of Detail: Complete; Equipment: Inverter; Component: Backup Power; Type of Data: Readings; Unit: Volt
ss40k_inverter,40101,vBkupL1N,fixed,vBkupL1N,Backup voltage L1-N,Line-to-neutral voltage on backup phase L1. Data code: 40101.vBkupL1N,uint16,V,Backup,,Level of Detail: Complete; Equipment: Inverter; Component: Backup Power; Type of Data: Readings; Unit: Volt
ss40k_inverter,40101,pBkupL2,fixed,pBkupL2,Backup active power L2,Real power on backup phase L2. Data code: 40101.pBkupL2,uint32,W,Backup,,Level of Detail: Complete; Equipment: Inverter; Component: Backup Power; Type of Data: Readings; Unit: Power
ss40k_inverter,40101,qBkupL2,fixed,qBkupL2,Backup reactive power L2,Reactive power on backup phase L2. Data code: 40101.qBkupL2,int32,Var,Backup,,Level of Detail: Complete; Equipment: Inverter; Component: Backup Power; Type of Data: Readings; Unit: Power
ss40k_inverter,40101,sBkupL2,fixed,sBkupL2,Backup apparent power L2,Apparent power on backup phase L2. Data code: 40101.sBkupL2,uint32,VA,Backup,,Level of Detail: Complete; Equipment: Inverter; Component: Backup Power; Type of Data: Readings; Unit: Power
ss40k_inverter,40101,pfBkupL2,fixed,pfBkupL2,Backup power factor L2,Power factor on backup phase L2 (unitless). Data code: 40101.pfBkupL2,int16,N/A,Backup,,Level of Detail: Complete; Equipment: Inverter; Component: Backup Power; Type of Data: Readings
ss40k_inverter,40101,iBkupL2,fixed,iBkupL2,Backup current L2,RMS current on backup phase L2. Data code: 40101.iBkupL2,uint32,A,Backup,,Level of Detail: Complete; Equipment: Inverter; Component: Backup Power; Type of Data: Readings; Unit: Current
ss40k_inverter,40101,vBkupL23,fixed,vBkupL23,Backup voltage L2-L3,Line-to-line voltage between backup phases L2 and L3. Data code: 40101.vBkupL23,uint16,V,Backup,,Level of Detail: Complete; Equipment: Inverter; Component: Backup Power; Type of Data: Readings; Unit: Volt
ss40k_inverter,40101,vBkupL2N,fixed,vBkupL2N,Backup voltage L2-N,Line-to-neutral voltage on backup phase L2. Data code: 40101.vBkupL2N,uint16,V,Backup,,Level of Detail: Complete; Equipment: Inverter; Component: Backup Power; Type of Data: Readings; Unit: Volt
ss40k_inverter,40101,pBkupL3,fixed,pBkupL3,Backup active power L3,Real power on backup phase L3. Data code: 40101.pBkupL3,uint32,W,Backup,,Level of Detail: Complete; Equipment: Inverter; Component: Backup Power; Type of Data: Readings; Unit: Power
ss40k_inverter,40101,qBkupL3,fixed,qBkupL3,Backup reactive power L3,Reactive power on backup phase L3. Data code: 40101.qBkupL3,int32,Var,Backup,,Level of Detail: Complete; Equipment: Inverter; Component: Backup Power; Type of Data: Readings; Unit: Power
ss40k_inverter,40101,sBkupL3,fixed,sBkupL3,Backup apparent power L3,Apparent power on backup phase L3. Data code: 40101.sBkupL3,uint32,VA,Backup,,Level of Detail: Complete; Equipment: Inverter; Component: Backup Power; Type of Data: Readings; Unit: Power
ss40k_inverter,40101,pfBkupL3,fixed,pfBkupL3,Backup power factor L3,Power factor on backup phase L3 (unitless). Data code: 40101.pfBkupL3,int16,N/A,Backup,,Level of Detail: Complete; Equipment: Inverter; Component: Backup Power; Type of Data: Readings
ss40k_inverter,40101,iBkupL3,fixed,iBkupL3,Backup current L3,RMS current on backup phase L3. Data code: 40101.iBkupL3,uint32,A,Backup,,Level of Detail: Complete; Equipment: Inverter; Component: Backup Power; Type of Data: Readings; Unit: Current
ss40k_inverter,40101,vBkupL31,fixed,vBkupL31,Backup voltage L3-L1,Line-to-line voltage between backup phases L3 and L1. Data code: 40101.vBkupL31,uint16,V,Backup,,Level of Detail: Complete; Equipment: Inverter; Component: Backup Power; Type of Data: Readings; Unit: Volt
ss40k_inverter,40101,vBkupL3N,fixed,vBkupL3N,Backup voltage L3-N,Line-to-neutral voltage on backup phase L3. Data code: 40101.vBkupL3N,uint16,V,Backup,,Level of Detail: Complete; Equipment: Inverter; Component: Backup Power; Type of Data: Readings; Unit: Volt
ss40k_inverter,40101,reserved7,fixed,reserved7,Reserved,Reserved register. No current function. Data code: 40101.reserved7,string,N/A,Backup,,
ss40k_inverter,40101,pLoad,fixed,pLoad,Load active power,Total real power consumed by connected loads. Data code: 40101.pLoad,uint32,W,Load,,Level of Detail: Standard; Level of Detail: Complete; Level of Detail: Extended; Equipment: Inverter; Component: Building Load; Type of Data: Readings; Unit: Power
ss40k_inverter,40101,qLoadTot,fixed,qLoadTot,Load reactive power,Total reactive power drawn by the loads. Data code: 40101.qLoadTot,int32,Var,Load,,Level of Detail: Complete; Equipment: Inverter; Component: Building Load; Type of Data: Readings; Unit: Power
ss40k_inverter,40101,sLoadTot,fixed,sLoadTot,Load apparent power,Vector sum of real and reactive load power. Indicates total kVA capacity demanded by the loads. Data code: 40101.sLoadTot,uint32,VA,Load,,Level of Detail: Complete; Equipment: Inverter; Component: Building Load; Type of Data: Readings; Unit: Power
ss40k_inverter,40101,pfLoadTot,fixed,pfLoadTot,Load power factor,Overall power factor of the loads (unitless). Data code: 40101.pfLoadTot,int16,N/A,Load,,Level of Detail: Complete; Equipment: Inverter; Component: Building Load; Type of Data: Readings
ss40k_inverter,40101,iLoadTot,fixed,iLoadTot,Load current,Sum of RMS currents across active load phases.  Data code: 40101.iLoadTot,uint32,A,Load,,Level of Detail: Complete; Equipment: Inverter; Component: Building Load; Type of Data: Readings; Unit: Current
ss40k_inverter,40101,vLoadLL,fixed,vLoadLL,Voltage load LL,Line-to-line RMS voltage measured at the load connection. Data code: 40101.vLoadLL,uint16,V,Load,,Level of Detail: Complete; Equipment: Inverter; Component: Building Load; Type of Data: Readings; Unit: Volt
ss40k_inverter,40101,vLoadLN,fixed,vLoadLN,Voltage load LN,Line-to-neutral RMS voltage measured at the load connection. Data code: 40101.vLoadLN,uint16,V,Load,,Level of Detail: Complete; Equipment: Inverter; Component: Building Load; Type of Data: Readings; Unit: Volt
ss40k_inverter,40101,fLoad,fixed,fLoad,Load frequency,Measured AC frequency at the load connection point. Data code: 40101.fLoad,uint16,Hz,Load,,Level of Detail: Complete; Level of Detail: Extended; Equipment: Inverter; Component: Building Load; Type of Data: Readings; Unit: Freq
ss40k_inverter,40101,pLoadL1,fixed,pLoadL1,Load active power L1,Real power consumed by loads on phase L1. Data code: 40101.pLoadL1,uint32,W,Load,,Level of Detail: Complete; Equipment: Inverter; Component: Building Load; Type of Data: Readings; Unit: Power
ss40k_inverter,40101,qLoadL1,fixed,qLoadL1,Load reactive power L1,Reactive power on phase L1 of the load. Data code: 40101.qLoadL1,int32,Var,Load,,Level of Detail: Complete; Equipment: Inverter; Component: Building Load; Type of Data: Readings; Unit: Power
ss40k_inverter,40101,sLoadL1,fixed,sLoadL1,Load apparent power L1,Apparent power on phase L1 of the load. Data code: 40101.sLoadL1,uint32,VA,Load,,Level of Detail: Complete; Equipment: Inverter; Component: Building Load; Type of Data: Readings; Unit: Power
ss40k_inverter,40101,pfLoadL1,fixed,pfLoadL1,Load power factor L1,Phase L1 load power factor (unitless). Data code: 40101.pfLoadL1,int16,N/A,Load,,Level of Detail: Complete; Equipment: Inverter; Component: Building Load; Type of Data: Readings
ss40k_inverter,40101,iLoadL1,fixed,iLoadL1,Load current L1,RMS current of the load on phase L1. Data code: 40101.iLoadL1,uint32,A,Load,,Level of Detail: Complete; Equipment: Inverter; Component: Building Load; Type of Data: Readings; Unit: Current
ss40k_inverter,40101,vLoadL12,fixed,vLoadL12,Load voltage L1-L2,Line-to-line voltage between L1 and L2 at the load. Data code: 40101.vLoadL12,uint16,V,Load,,Level of Detail: Complete; Equipment: Inverter; Component: Building Load; Type of Data: Readings; Unit: Volt
ss40k_inverter,40101,vLoadL1N,fixed,vLoadL1N,Load voltage L1-N,Line-to-neutral voltage on L1 at the load. Data code: 40101.vLoadL1N,uint16,V,Load,,Level of Detail: Complete; Equipment: Inverter; Component: Building Load; Type of Data: Readings; Unit: Volt
ss40k_inverter,40101,pLoadL2,fixed,pLoadL2,Load active power L2,Real power consumed by loads on phase L2. Data code: 40101.pLoadL2,uint32,W,Load,,Level of Detail: Complete; Equipment: Inverter; Component: Building Load; Type of Data: Readings; Unit: Power
ss40k_inverter,40101,qLoadL2,fixed,qLoadL2,Load reactive power L2,Reactive power on phase L2 of the load. Data code: 40101.qLoadL2,int32,Var,Load,,Level of Detail: Complete; Equipment: Inverter; Component: Building Load; Type of Data: Readings; Unit: Power
ss40k_inverter,40101,sLoadL2,fixed,sLoadL2,Load apparent power L2,Apparent power on phase L2 of the load. Data code: 40101.sLoadL2,uint32,VA,Load,,Level of Detail: Complete; Equipment: Inverter; Component: Building Load; Type of Data: Readings; Unit: Power
ss40k_inverter,40101,pfLoadL2,fixed,pfLoadL2,Load power factor L2,Phase L2 load power factor (unitless). Data code: 40101.pfLoadL2,int16,N/A,Load,,Level of Detail: Complete; Equipment: Inverter; Component: Building Load; Type of Data: Readings
ss40k_inverter,40101,iLoadL2,fixed,iLoadL2,Load current L2,RMS current of the load on phase L2. Data code: 40101.iLoadL2,uint32,A,Load,,Level of Detail: Complete; Equipment: Inverter; Component: Building Load; Type of Data: Readings; Unit: Current
ss40k_inverter,40101,vLoadL23,fixed,vLoadL23,Load voltage L2-L3,Line-to-line voltage between L2 and L3 at the load. Data code: 40101.vLoadL23,uint16,V,Load,,Level of Detail: Complete; Equipment: Inverter; Component: Building Load; Type of Data: Readings; Unit: Volt
ss40k_inverter,40101,vLoadL2N,fixed,vLoadL2N,Load voltage L2-N,Line-to-neutral voltage on L2 at the load. Data code: 40101.vLoadL2N,uint16,V,Load,,Level of Detail: Complete; Equipment: Inverter; Component: Building Load; Type of Data: Readings; Unit: Volt
ss40k_inverter,40101,pLoadL3,fixed,pLoadL3,Load active power L3,Real power consumed by loads on phase L3. Data code: 40101.pLoadL3,uint32,W,Load,,Level of Detail: Complete; Equipment: Inverter; Component: Building Load; Type of Data: Readings; Unit: Power
ss40k_inverter,40101,qLoadL3,fixed,qLoadL3,Load reactive power L3,Reactive power on phase L3 of the load. Data code: 40101.qLoadL3,int32,Var,Load,,Level of Detail: Complete; Equipment: Inverter; Component: Building Load; Type of Data: Readings; Unit: Power
ss40k_inverter,40101,sLoadL3,fixed,sLoadL3,Load apparent power L3,Apparent power on phase L3 of the load. Data code: 40101.sLoadL3,uint32,VA,Load,,Level of Detail: Complete; Equipment: Inverter; Component: Building Load; Type of Data: Readings; Unit: Power
ss40k_inverter,40101,pfLoadL3,fixed,pfLoadL3,Load power factor L3,Phase L3 load power factor (unitless). Data code: 40101.pfLoadL3,int16,N/A,Load,,Level of Detail: Complete; Equipment: Inverter; Component: Building Load; Type of Data: Readings
ss40k_inverter,40101,iLoadL3,fixed,iLoadL3,Load current L3,RMS current of the load on phase L3. Data code: 40101.iLoadL3,uint32,A,Load,,Level of Detail: Complete; Equipment: Inverter; Component: Building Load; Type of Data: Readings; Unit: Current
ss40k_inverter,40101,vLoadL31,fixed,vLoadL31,Load voltage L3-L1,Line-to-line voltage between L3 and L1 at the load. Data code: 40101.vLoadL31,uint16,V,Load,,Level of Detail: Complete; Equipment: Inverter; Component: Building Load; Type of Data: Readings; Unit: Volt
ss40k_inverter,40101,vLoadL3N,fixed,vLoadL3N,Load voltage L3-N,Line-to-neutral voltage on L3 at the load. Data code: 40101.vLoadL3N,uint16,V,Load,,Level of Detail: Complete; Equipment: Inverter; Component: Building Load; Type of Data: Readings; Unit: Volt
ss40k_inverter,40101,reserved8,fixed,reserved8,Reserved,Reserved register. No current function. Data code: 40101.reserved8,string,N/A,Load,,
ss40k_inverter,40101,genDryContactState,fixed,genDryContactState,Generator Contactor Status,Value from Site Configuration Generator/Generator. Indicates the current state of the generator control contactor. Data code: 40101.genDryContactState,enum16,N/A,Generator,"{0: 'Open(Off)', 1: 'Close(On)'}",Level of Detail: Complete; Equipment: Inverter; Component: Generator; Type of Data: Readings; Type of Data: Status
ss40k_inverter,40101,genRelayStat,fixed,genRelayStat,Generator relay status,State of the generator start/transfer relay as controlled by the inverter. Data code: 40101.genRelayStat,enum16,N/A,Generator,"{0: 'Open(Off)', 1: 'Close(On)'}",Level of Detail: Complete; Level of Detail: Extended; Equipment: Inverter; Component: Generator; Type of Data: Readings; Type of Data: Status
ss40k_inverter,40101,pGenTot,fixed,pGenTot,Generator active power,Total real power delivered from the generator to the system. Data code: 40101.pGenTot,int32,W,Generator,,Level of Detail: Standard; Level of Detail: Complete; Level of Detail: Extended; Equipment: Inverter; Component: Generator; Type of Data: Readings; Unit: Power
ss40k_inverter,40101,qGenTot,fixed,qGenTot,Generator reactive power,Total reactive power measured on the generator connection. Data code: 40101.qGenTot,int32,Var,Generator,,Level of Detail: Complete; Equipment: Inverter; Component: Generator; Type of Data: Readings; Unit: Power
ss40k_inverter,40101,sGenTot,fixed,sGenTot,Generator apparent power,Total apparent power at the generator connection. Data code: 40101.sGenTot,uint32,VA,Generator,,Level of Detail: Complete; Equipment: Inverter; Component: Generator; Type of Data: Readings; Unit: Power
ss40k_inverter,40101,pfGenTot,fixed,pfGenTot,Generator power factor,Overall generator power factor (unitless). Data code: 40101.pfGenTot,int16,N/A,Generator,,Level of Detail: Complete; Equipment: Inverter; Component: Generator; Type of Data: Readings
ss40k_inverter,40101,iGenTot,fixed,iGenTot,Generator current,Sum of RMS currents across generator phases. Data code: 40101.iGenTot,int32,A,Generator,,Level of Detail: Complete; Equipment: Inverter; Component: Generator; Type of Data: Readings; Unit: Current
ss40k_inverter,40101,vGenLL,fixed,vGenLL,Voltage generator LL,Line-to-line RMS voltage at the generator connection. Data code: 40101.vGenLL,uint16,V,Generator,,Level of Detail: Complete; Equipment: Inverter; Component: Generator; Type of Data: Readings; Unit: Volt
ss40k_inverter,40101,vGenLN,fixed,vGenLN,Voltage generator LN,Line-to-neutral RMS voltage at the generator connection. Data code: 40101.vGenLN,uint16,V,Generator,,Level of Detail: Complete; Equipment: Inverter; Component: Generator; Type of Data: Readings; Unit: Volt
ss40k_inverter,40101,fGen,fixed,fGen,Generator frequency,Measured frequency of the generator output. Data code: 40101.fGen,uint16,Hz,Generator,,Level of Detail: Complete; Level of Detail: Extended; Equipment: Inverter; Component: Generator; Type of Data: Readings; Unit: Freq
ss40k_inverter,40101,pGenL1,fixed,pGenL1,Generator active power L1,Real power on generator phase L1. Data code: 40101.pGenL1,int32,W,Generator,,Level of Detail: Extended; Level of Detail: Complete; Equipment: Inverter; Component: Generator; Type of Data: Readings; Unit: Power
ss40k_inverter,40101,qGenL1,fixed,qGenL1,Generator reactive power L1,Reactive power on generator phase L1. Data code: 40101.qGenL1,int32,Var,Generator,,Level of Detail: Complete; Equipment: Inverter; Component: Generator; Type of Data: Readings; Unit: Power
ss40k_inverter,40101,sGenL1,fixed,sGenL1,Generator apparent power L1,Apparent power on generator phase L1. Data code: 40101.sGenL1,uint32,VA,Generator,,Level of Detail: Complete; Equipment: Inverter; Component: Generator; Type of Data: Readings; Unit: Power
ss40k_inverter,40101,pfGenL1,fixed,pfGenL1,Generator power factor L1,Phase L1 generator power factor (unitless). Data code: 40101.pfGenL1,int16,N/A,Generator,,Level of Detail: Complete; Equipment: Inverter; Component: Generator; Type of Data: Readings
ss40k_inverter,40101,iGenL1,fixed,iGenL1,Generator current L1,RMS current on generator phase L1. Data code: 40101.iGenL1,int32,A,Generator,,Level of Detail: Complete; Equipment: Inverter; Component: Generator; Type of Data: Readings; Unit: Current
ss40k_inverter,40101,vGenL12,fixed,vGenL12,Generator voltage L1-L2,Line-to-line voltage between generator phases L1 and L2. Data code: 40101.vGenL12,uint16,V,Generator,,Level of Detail: Complete; Level of Detail: Extended; Equipment: Inverter; Component: Generator; Type of Data: Readings; Unit: Volt
ss40k_inverter,40101,vGenL1N,fixed,vGenL1N,Generator voltage L1-N,Line-to-neutral voltage on generator phase L1. Data code: 40101.vGenL1N,uint16,V,Generator,,Level of Detail: Complete; Equipment: Inverter; Component: Generator; Type of Data: Readings; Unit: Volt
ss40k_inverter,40101,pGenL2,fixed,pGenL2,Generator active power L2,Real power on generator phase L2. Data code: 40101.pGenL2,int32,W,Generator,,Level of Detail: Extended; Level of Detail: Complete; Equipment: Inverter; Component: Generator; Type of Data: Readings; Unit: Power
ss40k_inverter,40101,qGenL2,fixed,qGenL2,Generator reactive power L2,Reactive power on generator phase L2. Data code: 40101.qGenL2,int32,Var,Generator,,Level of Detail: Complete; Equipment: Inverter; Component: Generator; Type of Data: Readings; Unit: Power
ss40k_inverter,40101,sGenL2,fixed,sGenL2,Generator apparent power L2,Apparent power on generator phase L2. Data code: 40101.sGenL2,uint32,VA,Generator,,Level of Detail: Complete; Equipment: Inverter; Component: Generator; Type of Data: Readings; Unit: Power
ss40k_inverter,40101,pfGenL2,fixed,pfGenL2,Generator power factor L2,Phase L2 generator power factor (unitless). Data code: 40101.pfGenL2,int16,N/A,Generator,,Level of Detail: Complete; Equipment: Inverter; Component: Generator; Type of Data: Readings
ss40k_inverter,40101,iGenL2,fixed,iGenL2,Generator current L2,RMS current on generator phase L2. Data code: 40101.iGenL2,int32,A,Generator,,Level of Detail: Complete; Equipment: Inverter; Component: Generator; Type of Data: Readings; Unit: Current
ss40k_inverter,40101,vGenL23,fixed,vGenL23,Generator voltage L2-L3,Line-to-line voltage between generator phases L2 and L3. Data code: 40101.vGenL23,uint16,V,Generator,,Level of Detail: Complete; Equipment: Inverter; Component: Generator; Type of Data: Readings; Unit: Volt
ss40k_inverter,40101,vGenL2N,fixed,vGenL2N,Generator voltage L2-N,Line-to-neutral voltage on generator phase L2. Data code: 40101.vGenL2N,uint16,V,Generator,,Level of Detail: Complete; Equipment: Inverter; Component: Generator; Type of Data: Readings; Unit: Volt
ss40k_inverter,40101,pGenL3,fixed,pGenL3,Generator active power L3,Real power on generator phase L3. Data code: 40101.pGenL3,int32,W,Generator,,Level of Detail: Extended; Level of Detail: Complete; Equipment: Inverter; Component: Generator; Type of Data: Readings; Unit: Power
ss40k_inverter,40101,qGenL3,fixed,qGenL3,Generator reactive power L3,Reactive power on generator phase L3. Data code: 40101.qGenL3,int32,Var,Generator,,Level of Detail: Complete; Equipment: Inverter; Component: Generator; Type of Data: Readings; Unit: Power
ss40k_inverter,40101,sGenL3,fixed,sGenL3,Generator apparent power L3,Apparent power on generator phase L3. Data code: 40101.sGenL3,uint32,VA,Generator,,Level of Detail: Complete; Equipment: Inverter; Component: Generator; Type of Data: Readings; Unit: Power
ss40k_inverter,40101,pfGenL3,fixed,pfGenL3,Generator power factor L3,Phase L3 generator power factor (unitless). Data code: 40101.pfGenL3,int16,N/A,Generator,,Level of Detail: Complete; Equipment: Inverter; Component: Generator; Type of Data: Readings
ss40k_inverter,40101,iGenL3,fixed,iGenL3,Generator current L3,RMS current on generator phase L3. Data code: 40101.iGenL3,int32,A,Generator,,Level of Detail: Complete; Equipment: Inverter; Component: Generator; Type of Data: Readings; Unit: Current
ss40k_inverter,40101,vGenL31,fixed,vGenL31,Generator voltage L3-L1,Line-to-line voltage between generator phases L3 and L1. Data code: 40101.vGenL31,uint16,V,Generator,,Level of Detail: Complete; Equipment: Inverter; Component: Generator; Type of Data: Readings; Unit: Volt
ss40k_inverter,40101,vGenL3N,fixed,vGenL3N,Generator voltage L3-N,Line-to-neutral voltage on generator phase L3. Data code: 40101.vGenL3N,uint16,V,Generator,,Level of Detail: Complete; Equipment: Inverter; Component: Generator; Type of Data: Readings; Unit: Volt
ss40k_inverter,40101,genActFlg,fixed,genActFlg,Generator Input Active,"Indicates whether the generator input is active. The generator is ""Activated"" when the port is configured as a generator and voltage greater than 100 Vac is detected; otherwise it is, “Not active.” Data code: 40101.genActFlg",enum16,N/A,Generator,"{0: 'Not activated', 1: 'Activated'}",Level of Detail: Complete; Equipment: Inverter; Component: Generator; Type of Data: Readings; Type of Data: Status
ss40k_inverter,40101,reserved9,fixed,reserved9,Reserved,Reserved register. No current function. Data code: 40101.reserved9,string,N/A,Generator,,
ss40k_inverter,40101,pAcCplTot,fixed,pAcCplTot,AC couple active power,Total real power measured for AC-coupled input. Data code: 40101.pAcCplTot,int32,W,AC Couple,,Level of Detail: Standard; Level of Detail: Complete; Level of Detail: Extended; Equipment: Inverter; Component: PV-AC Couple; Type of Data: Readings; Unit: Power
ss40k_inverter,40101,qAcCplTot,fixed,qAcCplTot,AC couple reactive power,Total reactive power measured for AC-coupled input. Data code: 40101.qAcCplTot,int32,Var,AC Couple,,Level of Detail: Complete; Equipment: Inverter; Component: PV-AC Couple; Type of Data: Readings; Unit: Power
ss40k_inverter,40101,sAcCplTot,fixed,sAcCplTot,AC couple apparent power,Total apparent power measured for AC-coupled input. Data code: 40101.sAcCplTot,uint32,VA,AC Couple,,Level of Detail: Complete; Equipment: Inverter; Component: PV-AC Couple; Type of Data: Readings; Unit: Power
ss40k_inverter,40101,pfAcCplTot,fixed,pfAcCplTot,AC couple power factor,Overall power factor for AC-coupled input. Data code: 40101.pfAcCplTot,int16,N/A,AC Couple,,Level of Detail: Complete; Equipment: Inverter; Component: PV-AC Couple; Type of Data: Readings
ss40k_inverter,40101,iAcCplTot,fixed,iAcCplTot,AC couple current,Sum of RMS currents across AC-coupled phases. Data code: 40101.iAcCplTot,int32,A,AC Couple,,Level of Detail: Complete; Equipment: Inverter; Component: PV-AC Couple; Type of Data: Readings; Unit: Current
ss40k_inverter,40101,vAcCplLL,fixed,vAcCplLL,AC couple voltage LL,Line-to-line RMS voltage at the AC-coupled input. Data code: 40101.vAcCplLL,uint16,V,AC Couple,,Level of Detail: Complete; Equipment: Inverter; Component: PV-AC Couple; Type of Data: Readings; Unit: Volt
ss40k_inverter,40101,vAcCplLN,fixed,vAcCplLN,AC couple voltage LN,Line-to-neutral RMS voltage at the AC-coupled input. Data code: 40101.vAcCplLN,uint16,V,AC Couple,,Level of Detail: Complete; Equipment: Inverter; Component: PV-AC Couple; Type of Data: Readings; Unit: Volt
ss40k_inverter,40101,fAcCpl,fixed,fAcCpl,AC couple frequency,Measured AC frequency at the AC-coupled input. Data code: 40101.fAcCpl,uint16,Hz,AC Couple,,Level of Detail: Complete; Equipment: Inverter; Component: PV-AC Couple; Type of Data: Readings; Unit: Freq
ss40k_inverter,40101,pAcCplL1,fixed,pAcCplL1,AC couple active power L1,Real power on AC-coupled phase L1. Data code: 40101.pAcCplL1,int32,W,AC Couple,,Level of Detail: Complete; Equipment: Inverter; Component: PV-AC Couple; Type of Data: Readings; Unit: Power
ss40k_inverter,40101,qAcCplL1,fixed,qAcCplL1,AC couple reactive power L1,Reactive power on AC-coupled phase L1. Data code: 40101.qAcCplL1,int32,Var,AC Couple,,Level of Detail: Complete; Equipment: Inverter; Component: PV-AC Couple; Type of Data: Readings; Unit: Power
ss40k_inverter,40101,sAcCplL1,fixed,sAcCplL1,AC couple apparent power L1,Apparent power on AC-coupled phase L1. Data code: 40101.sAcCplL1,uint32,VA,AC Couple,,Level of Detail: Complete; Equipment: Inverter; Component: PV-AC Couple; Type of Data: Readings; Unit: Power
ss40k_inverter,40101,pfAcCplL1,fixed,pfAcCplL1,AC couple power factor L1,Power factor on AC-coupled phase L1. Data code: 40101.pfAcCplL1,int16,N/A,AC Couple,,Level of Detail: Complete; Equipment: Inverter; Component: PV-AC Couple; Type of Data: Readings
ss40k_inverter,40101,iAcCplL1,fixed,iAcCplL1,AC couple current L1,RMS current on AC-coupled phase L1. Data code: 40101.iAcCplL1,int32,A,AC Couple,,Level of Detail: Complete; Equipment: Inverter; Component: PV-AC Couple; Type of Data: Readings; Unit: Current
ss40k_inverter,40101,vAcCplL12,fixed,vAcCplL12,AC couple voltage L1-L2,Line-to-line voltage between L1 and L2 at the AC-coupled input. Data code: 40101.vAcCplL12,uint16,V,AC Couple,,Level of Detail: Complete; Equipment: Inverter; Component: PV-AC Couple; Type of Data: Readings; Unit: Volt
ss40k_inverter,40101,vAcCplL1N,fixed,vAcCplL1N,AC couple voltage L1-N,Line-to-neutral voltage on phase L1 at the AC-coupled input. Data code: 40101.vAcCplL1N,uint16,V,AC Couple,,Level of Detail: Complete; Equipment: Inverter; Component: PV-AC Couple; Type of Data: Readings; Unit: Volt
ss40k_inverter,40101,pAcCplL2,fixed,pAcCplL2,AC couple active power L2,Real power on AC-coupled phase L2. Data code: 40101.pAcCplL2,int32,W,AC Couple,,Level of Detail: Complete; Equipment: Inverter; Component: PV-AC Couple; Type of Data: Readings; Unit: Power
ss40k_inverter,40101,qAcCplL2,fixed,qAcCplL2,AC couple reactive power L2,Reactive power on AC-coupled phase L2. Data code: 40101.qAcCplL2,int32,Var,AC Couple,,Level of Detail: Complete; Equipment: Inverter; Component: PV-AC Couple; Type of Data: Readings; Unit: Power
ss40k_inverter,40101,sAcCplL2,fixed,sAcCplL2,AC couple apparent power L2,Apparent power on AC-coupled phase L2. Data code: 40101.sAcCplL2,uint32,VA,AC Couple,,Level of Detail: Complete; Equipment: Inverter; Component: PV-AC Couple; Type of Data: Readings; Unit: Power
ss40k_inverter,40101,pfAcCplL2,fixed,pfAcCplL2,AC couple power factor L2,Power factor on AC-coupled phase L2. Data code: 40101.pfAcCplL2,int16,N/A,AC Couple,,Level of Detail: Complete; Equipment: Inverter; Component: PV-AC Couple; Type of Data: Readings
ss40k_inverter,40101,iAcCplL2,fixed,iAcCplL2,AC couple current L2,RMS current on AC-coupled phase L2. Data code: 40101.iAcCplL2,int32,A,AC Couple,,Level of Detail: Complete; Equipment: Inverter; Component: PV-AC Couple; Type of Data: Readings; Unit: Current
ss40k_inverter,40101,vAcCplL23,fixed,vAcCplL23,AC couple voltage L2-L3,Line-to-line voltage between L2 and L3 at the AC-coupled input. Data code: 40101.vAcCplL23,uint16,V,AC Couple,,Level of Detail: Complete; Equipment: Inverter; Component: PV-AC Couple; Type of Data: Readings; Unit: Volt
ss40k_inverter,40101,vAcCplL2N,fixed,vAcCplL2N,AC couple voltage L2-N,Line-to-neutral voltage on phase L2 at the AC-coupled input. Data code: 40101.vAcCplL2N,uint16,V,AC Couple,,Level of Detail: Complete; Equipment: Inverter; Component: PV-AC Couple; Type of Data: Readings; Unit: Volt
ss40k_inverter,40101,pAcCplL3,fixed,pAcCplL3,AC couple active power L3,Real power on AC-coupled phase L3. Data code: 40101.pAcCplL3,int32,W,AC Couple,,Level of Detail: Complete; Equipment: Inverter; Component: PV-AC Couple; Type of Data: Readings; Unit: Power
ss40k_inverter,40101,qAcCplL3,fixed,qAcCplL3,AC couple reactive power L3,Reactive power on AC-coupled phase L3. Data code: 40101.qAcCplL3,int32,Var,AC Couple,,Level of Detail: Complete; Equipment: Inverter; Component: PV-AC Couple; Type of Data: Readings; Unit: Power
ss40k_inverter,40101,sAcCplL3,fixed,sAcCplL3,AC couple apparent power L3,Apparent power on AC-coupled phase L3. Data code: 40101.sAcCplL3,uint32,VA,AC Couple,,Level of Detail: Complete; Equipment: Inverter; Component: PV-AC Couple; Type of Data: Readings; Unit: Power
ss40k_inverter,40101,pfAcCplL3,fixed,pfAcCplL3,AC couple power factor L3,Power factor on AC-coupled phase L3. Data code: 40101.pfAcCplL3,int16,N/A,AC Couple,,Level of Detail: Complete; Equipment: Inverter; Component: PV-AC Couple; Type of Data: Readings
ss40k_inverter,40101,iAcCplL3,fixed,iAcCplL3,AC couple current L3,RMS current on AC-coupled phase L3. Data code: 40101.iAcCplL3,int32,A,AC Couple,,Level of Detail: Complete; Equipment: Inverter; Component: PV-AC Couple; Type of Data: Readings; Unit: Current
ss40k_inverter,40101,vAcCplL31,fixed,vAcCplL31,AC couple voltage L3-L1,Line-to-line voltage between L3 and L1 at the AC-coupled input. Data code: 40101.vAcCplL31,uint16,V,AC Couple,,Level of Detail: Complete; Equipment: Inverter; Component: PV-AC Couple; Type of Data: Readings; Unit: Volt
ss40k_inverter,40101,vAcCplL3N,fixed,vAcCplL3N,AC couple voltage L3-N,Line-to-neutral voltage on phase L3 at the AC-coupled input. Data code: 40101.vAcCplL3N,uint16,V,AC Couple,,Level of Detail: Complete; Equipment: Inverter; Component: PV-AC Couple; Type of Data: Readings; Unit: Volt
ss40k_inverter,40101,acCplActFlg,fixed,acCplActFlg,AC Couple active flag,Indicates whether AC-coupled functionality is enabled. Data code: 40101.acCplActFlg,enum16,N/A,AC Couple,"{0: 'Not activated', 1: 'Activated'}",Level of Detail: Complete; Equipment: Inverter; Component: PV-AC Couple; Type of Data: Readings; Type of Data: Status
ss40k_inverter,40101,reserved10,fixed,reserved10,Reserved,Reserved register. Data code: 40101.reserved10,string,N/A,AC Couple,,
ss40k_inverter,40101,pSmartloadTot,fixed,pSmartloadTot,Smart load active power,Total real power measured for smart load. Data code: 40101.pSmartloadTot,int32,W,Smart Load,,Level of Detail: Complete; Equipment: Inverter; Component: Smart Load; Type of Data: Readings; Unit: Power
ss40k_inverter,40101,qSmartloadTot,fixed,qSmartloadTot,Smart load reactive power,Total reactive power measured for smart load. Data code: 40101.qSmartloadTot,int32,Var,Smart Load,,Level of Detail: Complete; Equipment: Inverter; Component: Smart Load; Type of Data: Readings; Unit: Power
ss40k_inverter,40101,sSmartloadTot,fixed,sSmartloadTot,Smart load apparent power,Total apparent power measured for smart load. Data code: 40101.sSmartloadTot,uint32,VA,Smart Load,,Level of Detail: Complete; Equipment: Inverter; Component: Smart Load; Type of Data: Readings; Unit: Power
ss40k_inverter,40101,pfSmartloadTot,fixed,pfSmartloadTot,Smart load power factor,Overall power factor for smart load. Data code: 40101.pfSmartloadTot,int16,N/A,Smart Load,,Level of Detail: Complete; Equipment: Inverter; Component: Smart Load; Type of Data: Readings
ss40k_inverter,40101,iSmartloadTot,fixed,iSmartloadTot,Smart load current,Sum of RMS currents across smart-load phases. Data code: 40101.iSmartloadTot,int32,A,Smart Load,,Level of Detail: Complete; Equipment: Inverter; Component: Smart Load; Type of Data: Readings; Unit: Current
ss40k_inverter,40101,vSmartloadLL,fixed,vSmartloadLL,Smart load voltage LL,Line-to-line RMS voltage at the smart-load connection. Data code: 40101.vSmartloadLL,uint16,V,Smart Load,,Level of Detail: Complete; Equipment: Inverter; Component: Smart Load; Type of Data: Readings; Unit: Volt
ss40k_inverter,40101,vSmartloadLN,fixed,vSmartloadLN,Smart load voltage LN,Line-to-neutral RMS voltage at the smart-load connection. Data code: 40101.vSmartloadLN,uint16,V,Smart Load,,Level of Detail: Complete; Equipment: Inverter; Component: Smart Load; Type of Data: Readings; Unit: Volt
ss40k_inverter,40101,fSmartload,fixed,fSmartload,Smart load frequency,Measured AC frequency at the smart-load connection. Data code: 40101.fSmartload,uint16,Hz,Smart Load,,Level of Detail: Complete; Equipment: Inverter; Component: Smart Load; Type of Data: Readings; Unit: Freq
ss40k_inverter,40101,pSmartloadL1,fixed,pSmartloadL1,Smart load active power L1,Real power on smart-load phase L1. Data code: 40101.pSmartloadL1,int32,W,Smart Load,,Level of Detail: Complete; Equipment: Inverter; Component: Smart Load; Type of Data: Readings; Unit: Power
ss40k_inverter,40101,qSmartloadL1,fixed,qSmartloadL1,Smart load reactive power L1,Reactive power on smart-load phase L1. Data code: 40101.qSmartloadL1,int32,Var,Smart Load,,Level of Detail: Complete; Equipment: Inverter; Component: Smart Load; Type of Data: Readings; Unit: Power
ss40k_inverter,40101,sSmartloadL1,fixed,sSmartloadL1,Smart load apparent power L1,Apparent power on smart-load phase L1. Data code: 40101.sSmartloadL1,uint32,VA,Smart Load,,Level of Detail: Complete; Equipment: Inverter; Component: Smart Load; Type of Data: Readings; Unit: Power
ss40k_inverter,40101,pfSmartloadL1,fixed,pfSmartloadL1,Smart load power factor L1,Power factor on smart-load phase L1. Data code: 40101.pfSmartloadL1,int16,N/A,Smart Load,,Level of Detail: Complete; Equipment: Inverter; Component: Smart Load; Type of Data: Readings
ss40k_inverter,40101,iSmartloadL1,fixed,iSmartloadL1,Smart load current L1,RMS current on smart-load phase L1. Data code: 40101.iSmartloadL1,int32,A,Smart Load,,Level of Detail: Complete; Equipment: Inverter; Component: Smart Load; Type of Data: Readings; Unit: Current
ss40k_inverter,40101,vSmartloadL12,fixed,vSmartloadL12,Smart load voltage L1-L2,Line-to-line voltage between L1 and L2 at the smart-load connection. Data code: 40101.vSmartloadL12,uint16,V,Smart Load,,Level of Detail: Complete; Equipment: Inverter; Component: Smart Load; Type of Data: Readings; Unit: Volt
ss40k_inverter,40101,vSmartloadL1N,fixed,vSmartloadL1N,Smart load voltage L1-N,Line-to-neutral voltage on phase L1 at the smart-load connection. Data code: 40101.vSmartloadL1N,uint16,V,Smart Load,,Level of Detail: Complete; Equipment: Inverter; Component: Smart Load; Type of Data: Readings; Unit: Volt
ss40k_inverter,40101,pSmartloadL2,fixed,pSmartloadL2,Smart load active power L2,Real power on smart-load phase L2. Data code: 40101.pSmartloadL2,int32,W,Smart Load,,Level of Detail: Complete; Equipment: Inverter; Component: Smart Load; Type of Data: Readings; Unit: Power
ss40k_inverter,40101,qSmartloadL2,fixed,qSmartloadL2,Smart load reactive power L2,Reactive power on smart-load phase L2. Data code: 40101.qSmartloadL2,int32,Var,Smart Load,,Level of Detail: Complete; Equipment: Inverter; Component: Smart Load; Type of Data: Readings; Unit: Power
ss40k_inverter,40101,sSmartloadL2,fixed,sSmartloadL2,Smart load apparent power L2,Apparent power on smart-load phase L2. Data code: 40101.sSmartloadL2,uint32,VA,Smart Load,,Level of Detail: Complete; Equipment: Inverter; Component: Smart Load; Type of Data: Readings; Unit: Power
ss40k_inverter,40101,pfSmartloadL2,fixed,pfSmartloadL2,Smart load power factor L2,Power factor on smart-load phase L2. Data code: 40101.pfSmartloadL2,int16,N/A,Smart Load,,Level of Detail: Complete; Equipment: Inverter; Component: Smart Load; Type of Data: Readings
ss40k_inverter,40101,iSmartloadL2,fixed,iSmartloadL2,Smart load current L2,RMS current on smart-load phase L2. Data code: 40101.iSmartloadL2,int32,A,Smart Load,,Level of Detail: Complete; Equipment: Inverter; Component: Smart Load; Type of Data: Readings; Unit: Current
ss40k_inverter,40101,vSmartloadL23,fixed,vSmartloadL23,Smart load voltage L2-L3,Line-to-line voltage between L2 and L3 at the smart-load connection. Data code: 40101.vSmartloadL23,uint16,V,Smart Load,,Level of Detail: Complete; Equipment: Inverter; Component: Smart Load; Type of Data: Readings; Unit: Volt
ss40k_inverter,40101,vSmartloadL2N,fixed,vSmartloadL2N,Smart load voltage L2-N,Line-to-neutral voltage on phase L2 at the smart-load connection. Data code: 40101.vSmartloadL2N,uint16,V,Smart Load,,Level of Detail: Complete; Equipment: Inverter; Component: Smart Load; Type of Data: Readings; Unit: Volt
ss40k_inverter,40101,pSmartloadL3,fixed,pSmartloadL3,Smart load active power L3,Real power on smart-load phase L3. Data code: 40101.pSmartloadL3,int32,W,Smart Load,,Level of Detail: Complete; Equipment: Inverter; Component: Smart Load; Type of Data: Readings; Unit: Power
ss40k_inverter,40101,qSmartloadL3,fixed,qSmartloadL3,Smart load reactive power L3,Reactive power on smart-load phase L3. Data code: 40101.qSmartloadL3,int32,Var,Smart Load,,Level of Detail: Complete; Equipment: Inverter; Component: Smart Load; Type of Data: Readings; Unit: Power
ss40k_inverter,40101,sSmartloadL3,fixed,sSmartloadL3,Smart load apparent power L3,Apparent power on smart-load phase L3. Data code: 40101.sSmartloadL3,uint32,VA,Smart Load,,Level of Detail: Complete; Equipment: Inverter; Component: Smart Load; Type of Data: Readings; Unit: Power
ss40k_inverter,40101,pfSmartloadL3,fixed,pfSmartloadL3,Smart load power factor L3,Power factor on smart-load phase L3. Data code: 40101.pfSmartloadL3,int16,N/A,Smart Load,,Level of Detail: Complete; Equipment: Inverter; Component: Smart Load; Type of Data: Readings
ss40k_inverter,40101,iSmartloadL3,fixed,iSmartloadL3,Smart load current L3,RMS current on smart-load phase L3. Data code: 40101.iSmartloadL3,int32,A,Smart Load,,Level of Detail: Complete; Equipment: Inverter; Component: Smart Load; Type of Data: Readings; Unit: Current
ss40k_inverter,40101,vSmartloadL31,fixed,vSmartloadL31,Smart load voltage L3-L1,Line-to-line voltage between L3 and L1 at the smart-load connection. Data code: 40101.vSmartloadL31,uint16,V,Smart Load,,Level of Detail: Complete; Equipment: Inverter; Component: Smart Load; Type of Data: Readings; Unit: Volt
ss40k_inverter,40101,vSmartloadL3N,fixed,vSmartloadL3N,Smart load voltage L3-N,Line-to-neutral voltage on phase L3 at the smart-load connection. Data code: 40101.vSmartloadL3N,uint16,V,Smart Load,,Level of Detail: Complete; Equipment: Inverter; Component: Smart Load; Type of Data: Readings; Unit: Volt
ss40k_inverter,40101,smartloadActFlg,fixed,smartloadActFlg,Smart load active flag,Indicates whether smart-load functionality is enabled. Data code: 40101.smartloadActFlg,enum16,N/A,Smart Load,"{0: 'Not activated', 1: 'Activated'}",Level of Detail: Complete; Equipment: Inverter; Component: Smart Load; Type of Data: Readings; Type of Data: Status
ss40k_inverter,40101,reserved11,fixed,reserved11,Reserved,Reserved register. Data code: 40101.reserved11,string,N/A,Smart Load,,
ss40k_inverter,40101,A_SF,fixed,A_SF,A_SF,Current scale factor register. Data code: 40101.A_SF,sunssf,N/A,Scale Factors,,
ss40k_inverter,40101,V_SF,fixed,V_SF,V_SF,Voltage scale factor register. Data code: 40101.V_SF,sunssf,N/A,Scale Factors,,
ss40k_inverter,40101,Vcell_SF,fixed,Vcell_SF,Vcell_SF,Cell-voltage scale factor register. Data code: 40101.Vcell_SF,sunssf,N/A,Scale Factors,,
ss40k_inverter,40101,Hz_SF,fixed,Hz_SF,Hz_SF,Frequency scale factor register. Data code: 40101.Hz_SF,sunssf,N/A,Scale Factors,,
ss40k_inverter,40101,W_SF,fixed,W_SF,W_SF,Active-power scale factor register. Data code: 40101.W_SF,sunssf,N/A,Scale Factors,,
ss40k_inverter,40101,PF_SF,fixed,PF_SF,PF_SF,Power-factor scale factor register. Data code: 40101.PF_SF,sunssf,N/A,Scale Factors,,
ss40k_inverter,40101,VA_SF,fixed,VA_SF,VA_SF,Apparent-power scale factor register. Data code: 40101.VA_SF,sunssf,N/A,Scale Factors,,
ss40k_inverter,40101,Var_SF,fixed,Var_SF,Var_SF,Reactive-power scale factor register. Data code: 40101.Var_SF,sunssf,N/A,Scale Factors,,
ss40k_inverter,40101,Tmp_SF,fixed,Tmp_SF,Tmp_SF,Temperature scale factor register. Data code: 40101.Tmp_SF,sunssf,N/A,Scale Factors,,
ss40k_inverter,40101,Pct_SF,fixed,Pct_SF,Pct_SF,Percent scale factor register. Data code: 40101.Pct_SF,sunssf,N/A,Scale Factors,,
ss40k_inverter,40101,Ah_SF,fixed,Ah_SF,Ah_SF,Amp-hour scale factor register. Data code: 40101.Ah_SF,sunssf,N/A,Scale Factors,,
ss40k_inverter,40101,reserved12,fixed,reserved12,Reserved,Reserved register. Data code: 40101.reserved12,string,N/A,Scale Factors,,
ss40k_inverter,40102,ID,fixed,ID,Device ID,Unique identifier for this data block. Data code: 40102.ID,uint16,N/A,General,,
ss40k_inverter,40102,L,fixed,L,Register Length,Number of registers in this block. Data code: 40102.L,uint16,N/A,General,,
ss40k_inverter,40102,siteID,fixed,siteID,Site Identifier,Unique identifier for the installation site. Data code: 40102.siteID,uint32,N/A,Site information,,
ss40k_inverter,40102,reserved1,fixed,reserved1,Reserved,Reserved for future use. Data code: 40102.reserved1,string,N/A,Site information,,
ss40k_inverter,40102,SN,fixed,SN,Device Serial Number,Unique serial number of the inverter or system controller. Data code: 40102.SN,string,N/A,PCS information,,
ss40k_inverter,40102,reserved2,fixed,reserved2,Reserved,Reserved for future use. Data code: 40102.reserved2,string,N/A,PCS information,,
ss40k_inverter,40102,ePvTdy,fixed,ePvTdy,PV Energy Today,Total photovoltaic energy generated today. Data code: 40102.ePvTdy,uint32,Wh,DC-PV  Energy,,Level of Detail: Complete; Equipment: Inverter; Component: PV-DC; Type of Data: Readings; Unit: Energy
ss40k_inverter,40102,ePvTot,fixed,ePvTot,PV Energy Total,Cumulative photovoltaic energy generated since installation. Data code: 40102.ePvTot,uint32,Wh,DC-PV  Energy,,Level of Detail: Complete; Equipment: Inverter; Component: PV-DC; Type of Data: Readings; Unit: Energy
ss40k_inverter,40102,ePv1Tot,fixed,ePv1Tot,PV1 Energy Total,Total lifetime energy produced by PV string 1. Data code: 40102.ePv1Tot,uint32,Wh,DC-PV  Energy,,Level of Detail: Complete; Equipment: Inverter; Component: PV-DC; Type of Data: Readings; Unit: Energy
ss40k_inverter,40102,ePv1Tdy,fixed,ePv1Tdy,PV1 Energy Today,Energy generated today by PV string 1. Data code: 40102.ePv1Tdy,uint32,Wh,DC-PV  Energy,,Level of Detail: Complete; Equipment: Inverter; Component: PV-DC; Type of Data: Readings; Unit: Energy
ss40k_inverter,40102,ePv2Tot,fixed,ePv2Tot,PV2 Energy Total,Total lifetime energy produced by PV string 2. Data code: 40102.ePv2Tot,uint32,Wh,DC-PV  Energy,,Level of Detail: Complete; Equipment: Inverter; Component: PV-DC; Type of Data: Readings; Unit: Energy
ss40k_inverter,40102,ePv2Tdy,fixed,ePv2Tdy,PV2 Energy Today,Energy generated today by PV string 2. Data code: 40102.ePv2Tdy,uint32,Wh,DC-PV  Energy,,Level of Detail: Complete; Equipment: Inverter; Component: PV-DC; Type of Data: Readings; Unit: Energy
ss40k_inverter,40102,ePv3Tot,fixed,ePv3Tot,PV3 Energy Total,Total lifetime energy produced by PV string 3. Data code: 40102.ePv3Tot,uint32,Wh,DC-PV  Energy,,Level of Detail: Complete; Equipment: Inverter; Component: PV-DC; Type of Data: Readings; Unit: Energy
ss40k_inverter,40102,ePv3Tdy,fixed,ePv3Tdy,PV3 Energy Today,Energy generated today by PV string 3. Data code: 40102.ePv3Tdy,uint32,Wh,DC-PV  Energy,,Level of Detail: Complete; Equipment: Inverter; Component: PV-DC; Type of Data: Readings; Unit: Energy
ss40k_inverter,40102,reserved3,fixed,reserved3,Reserved,Reserved for future use. Data code: 40102.reserved3,string,N/A,DC-PV  Energy,,
ss40k_inverter,40102,eBatChgTdy,fixed,eBatChgTdy,Battery Charge Energy Today,Energy charged into the battery today. This value is read from the inverter. Data code: 40102.eBatChgTdy,uint32,Wh,Battery Energy,,Level of Detail: Complete; Equipment: Battery; Component: Battery; Type of Data: Readings; Unit: Energy
ss40k_inverter,40102,eBatChgTot,fixed,eBatChgTot,Battery Charge Energy Total,Total lifetime energy charged into the battery. This value is read from the inverter. Data code: 40102.eBatChgTot,uint32,Wh,Battery Energy,,Level of Detail: Complete; Equipment: Battery; Component: Battery; Type of Data: Readings; Unit: Energy
ss40k_inverter,40102,eBatDischgTdy,fixed,eBatDischgTdy,Battery Discharge Energy Today,Energy discharged from the battery today. This value is read from the inverter. Data code: 40102.eBatDischgTdy,uint32,Wh,Battery Energy,,Level of Detail: Complete; Equipment: Battery; Component: Battery; Type of Data: Readings; Unit: Energy
ss40k_inverter,40102,eBatDischgTot,fixed,eBatDischgTot,Battery Discharge Energy Total,Total lifetime energy discharged from the battery. This value is read from the inverter. Data code: 40102.eBatDischgTot,uint32,Wh,Battery Energy,,Level of Detail: Complete; Equipment: Battery; Component: Battery; Type of Data: Readings; Unit: Energy
ss40k_inverter,40102,reserved4,fixed,reserved4,Reserved,Reserved for future use. Data code: 40102.reserved4,string,N/A,Battery Energy,,
ss40k_inverter,40102,eInvTdy,fixed,eInvTdy,Inverter Output Energy Today,Energy output from the inverter today. Data code: 40102.eInvTdy,uint16,Wh,Inverter,,Level of Detail: Complete; Equipment: Inverter; Component: AC Side; Type of Data: Readings; Unit: Energy
ss40k_inverter,40102,eInvTot,fixed,eInvTot,Inverter Output Energy Total,Total lifetime energy output from the inverter. Data code: 40102.eInvTot,uint32,Wh,Inverter,,Level of Detail: Complete; Equipment: Inverter; Component: AC Side; Type of Data: Readings; Unit: Energy
ss40k_inverter,40102,eRecTdy,fixed,eRecTdy,Rectifier Energy Today,Energy recovered or rectified today. Data code: 40102.eRecTdy,uint16,Wh,Inverter,,Level of Detail: Complete; Equipment: Inverter; Component: AC Side; Type of Data: Readings; Unit: Energy
ss40k_inverter,40102,eRecTot,fixed,eRecTot,Rectifier Energy Total,Total lifetime recovered or rectified energy. Data code: 40102.eRecTot,uint32,Wh,Inverter,,Level of Detail: Complete; Equipment: Inverter; Component: AC Side; Type of Data: Readings; Unit: Energy
ss40k_inverter,40102,eGridImpTot,fixed,eGridImpTot,Grid Import Energy Total,Total energy imported from the grid. Data code: 40102.eGridImpTot,uint32,Wh,Grid Energy,,Level of Detail: Complete; Equipment: Inverter; Component: Grid; Type of Data: Readings; Unit: Energy
ss40k_inverter,40102,eGridExpTot,fixed,eGridExpTot,Grid Export Energy Total,Total energy exported to the grid. Data code: 40102.eGridExpTot,uint32,Wh,Grid Energy,,Level of Detail: Complete; Equipment: Inverter; Component: Grid; Type of Data: Readings; Unit: Energy; Feature: Selling Power
ss40k_inverter,40102,eGridImpTdy,fixed,eGridImpTdy,Grid Import Energy Today,Energy imported from the grid today. Data code: 40102.eGridImpTdy,uint32,Wh,Grid Energy,,Level of Detail: Complete; Equipment: Inverter; Component: Grid; Type of Data: Readings; Unit: Energy
ss40k_inverter,40102,eGridExpTdy,fixed,eGridExpTdy,Grid Export Energy Today,Energy exported to the grid today. Data code: 40102.eGridExpTdy,uint32,Wh,Grid Energy,,Level of Detail: Complete; Equipment: Inverter; Component: Grid; Type of Data: Readings; Unit: Energy; Feature: Selling Power
ss40k_inverter,40102,reserved5,fixed,reserved5,Reserved,Reserved for future use. Data code: 40102.reserved5,string,N/A,Grid Energy,,
ss40k_inverter,40102,eBkupTdy,fixed,eBkupTdy,Backup Energy Today,Energy supplied to backup loads today. Data code: 40102.eBkupTdy,uint32,Wh,Backup Energy,,Level of Detail: Complete; Equipment: Inverter; Component: Backup Power; Type of Data: Readings; Unit: Energy
ss40k_inverter,40102,eBkupTot,fixed,eBkupTot,Backup Energy Total,Cumulative energy supplied to backup loads. Data code: 40102.eBkupTot,uint32,Wh,Backup Energy,,Level of Detail: Complete; Equipment: Inverter; Component: Backup Power; Type of Data: Readings; Unit: Energy
ss40k_inverter,40102,eBkupL1Tdy,fixed,eBkupL1Tdy,Backup L1 Energy Today,Energy supplied to backup load phase L1 today. Data code: 40102.eBkupL1Tdy,uint32,Wh,Backup Energy,,Level of Detail: Complete; Equipment: Inverter; Component: Backup Power; Type of Data: Readings; Unit: Energy
ss40k_inverter,40102,eBkupL2Tdy,fixed,eBkupL2Tdy,Backup L2 Energy Today,Energy supplied to backup load phase L2 today. Data code: 40102.eBkupL2Tdy,uint32,Wh,Backup Energy,,Level of Detail: Complete; Equipment: Inverter; Component: Backup Power; Type of Data: Readings; Unit: Energy
ss40k_inverter,40102,eBkupL3Tdy,fixed,eBkupL3Tdy,Backup L3 Energy Today,Energy supplied to backup load phase L3 today. Data code: 40102.eBkupL3Tdy,uint32,Wh,Backup Energy,,Level of Detail: Complete; Equipment: Inverter; Component: Backup Power; Type of Data: Readings; Unit: Energy
ss40k_inverter,40102,eBkupL1Tot,fixed,eBkupL1Tot,Backup L1 Energy Total,Cumulative energy supplied to backup load phase L1. Data code: 40102.eBkupL1Tot,uint32,Wh,Backup Energy,,Level of Detail: Complete; Equipment: Inverter; Component: Backup Power; Type of Data: Readings; Unit: Energy
ss40k_inverter,40102,eBkupL2Tot,fixed,eBkupL2Tot,Backup L2 Energy Total,Cumulative energy supplied to backup load phase L2. Data code: 40102.eBkupL2Tot,uint32,Wh,Backup Energy,,Level of Detail: Complete; Equipment: Inverter; Component: Backup Power; Type of Data: Readings; Unit: Energy
ss40k_inverter,40102,eBkupL3Tot,fixed,eBkupL3Tot,Backup L3 Energy Total,Cumulative energy supplied to backup load phase L3. Data code: 40102.eBkupL3Tot,uint32,Wh,Backup Energy,,Level of Detail: Complete; Equipment: Inverter; Component: Backup Power; Type of Data: Readings; Unit: Energy
ss40k_inverter,40102,reserved6,fixed,reserved6,Reserved,Reserved for future use. Data code: 40102.reserved6,string,N/A,Backup Energy,,
ss40k_inverter,40102,eLoadTot,fixed,eLoadTot,Load Energy Total,Cumulative total energy consumed by loads. Data code: 40102.eLoadTot,uint32,Wh,load Energy,,Level of Detail: Complete; Equipment: Inverter; Component: Building Load; Type of Data: Readings; Unit: Energy
ss40k_inverter,40102,eLoadTdy,fixed,eLoadTdy,Load Energy Today,Total energy consumed by loads today. Data code: 40102.eLoadTdy,uint32,Wh,load Energy,,Level of Detail: Complete; Equipment: Inverter; Component: Building Load; Type of Data: Readings; Unit: Energy
ss40k_inverter,40102,reserved7,fixed,reserved7,Reserved,Reserved for future use. Data code: 40102.reserved7,string,N/A,load Energy,,
ss40k_inverter,40102,eGenTdy,fixed,eGenTdy,Generator Energy Today,Energy supplied by the generator today. Data code: 40102.eGenTdy,uint32,Wh,Generator Energy,,Level of Detail: Complete; Equipment: Inverter; Component: Generator; Type of Data: Readings; Unit: Energy
ss40k_inverter,40102,eGenTot,fixed,eGenTot,Generator Energy Total,Cumulative total energy supplied by the generator. Data code: 40102.eGenTot,uint32,Wh,Generator Energy,,Level of Detail: Complete; Equipment: Inverter; Component: Generator; Type of Data: Readings; Unit: Energy
ss40k_inverter,40102,reserved8,fixed,reserved8,Reserved,Reserved for future use. Data code: 40102.reserved8,string,N/A,Generator Energy,,
ss40k_inverter,40102,eAcCplTdy,fixed,eAcCplTdy,AC Couple PV Energy Today,Energy received from AC-coupled sources today. Data code: 40102.eAcCplTdy,uint32,Wh,AC Couple Energy,,Level of Detail: Complete; Equipment: Inverter; Component: PV-AC Couple; Type of Data: Readings; Unit: Energy
ss40k_inverter,40102,eAcCplTot,fixed,eAcCplTot,AC Couple PV Energy Total,Cumulative energy received from AC-coupled sources. Data code: 40102.eAcCplTot,uint32,Wh,AC Couple Energy,,Level of Detail: Complete; Equipment: Inverter; Component: PV-AC Couple; Type of Data: Readings; Unit: Energy
ss40k_inverter,40102,reserved9,fixed,reserved9,Reserved,Reserved for future use. Data code: 40102.reserved9,string,N/A,AC Couple Energy,,
ss40k_inverter,40102,eSmartloadTdy,fixed,eSmartloadTdy,Smart Load Energy Today,Energy supplied to smart load circuits today. Data code: 40102.eSmartloadTdy,uint32,Wh,SmartLoad Energy,,Level of Detail: Complete; Equipment: Inverter; Component: Smart Load; Type of Data: Readings; Unit: Energy
ss40k_inverter,40102,eSmartloadTot,fixed,eSmartloadTot,Smart Load Energy Total,Cumulative energy supplied to smart load circuits. Data code: 40102.eSmartloadTot,uint32,Wh,SmartLoad Energy,,Level of Detail: Complete; Equipment: Inverter; Component: Smart Load; Type of Data: Readings; Unit: Energy
ss40k_inverter,40102,reserved10,fixed,reserved10,Reserved,Reserved for future use. Data code: 40102.reserved10,string,N/A,SmartLoad Energy,,
ss40k_inverter,40102,Wh1_SF,fixed,Wh1_SF,Energy Scale Factor 1,Scale factor for Wh energy values (block 1). Data code: 40102.Wh1_SF,sunssf,N/A,Scale Factors,,
ss40k_inverter,40102,Wh2_SF,fixed,Wh2_SF,Energy Scale Factor 2,Scale factor for Wh energy values (block 2). Data code: 40102.Wh2_SF,sunssf,N/A,Scale Factors,,
ss40k_inverter,40102,Wh3_SF,fixed,Wh3_SF,Energy Scale Factor 3,Scale factor for Wh energy values (block 3). Data code: 40102.Wh3_SF,sunssf,N/A,Scale Factors,,
ss40k_inverter,40102,Time_SF,fixed,Time_SF,Time Scale Factor,Scale factor applied to time-based registers. Data code: 40102.Time_SF,sunssf,N/A,Scale Factors,,
ss40k_inverter,40102,reserved11,fixed,reserved11,Reserved,Reserved for future use. Data code: 40102.reserved11,string,N/A,Scale Factors,,
ss40k_inverter,40103,ID,fixed,ID,Device ID,Unique identifier for this data block. Data code: 40103.ID,uint16,N/A,General,,
ss40k_inverter,40103,L,fixed,L,Register Length,Number of registers in this block. Data code: 40103.L,uint16,N/A,General,,
ss40k_inverter,40103,siteID,fixed,siteID,Site Identifier,Unique identifier for the installation site. Data code: 40103.siteID,uint32,N/A,Site information,,
ss40k_inverter,40103,reserved1,fixed,reserved1,Reserved,Reserved for future use. Data code: 40103.reserved1,string,N/A,Site information,,
ss40k_inverter,40103,SN,fixed,SN,Device Serial Number,Unique serial number of the inverter or system controller. Data code: 40103.SN,string,N/A,PCS information,,
ss40k_inverter,40103,reserved2,fixed,reserved2,Reserved,Reserved for future use. Data code: 40103.reserved2,string,N/A,PCS information,,
ss40k_inverter,40103,pcsWarning,fixed,pcsWarning,PCS Warning Flags,Warning conditions related to the power conversion system. Data code: 40103.pcsWarning,bitfield32,N/A,PCS Alerts,"{0: 'Fan abnormal', 1: 'LCD communication fault', 2: 'Auto test failure'}",Level of Detail: Complete; Equipment: Inverter; Component: AC Side; Type of Data: Alarms/Faults
ss40k_inverter,40103,pcsFault,fixed,pcsFault,PCS Fault Flags,Fault conditions reported by the power conversion system. Data code: 40103.pcsFault,bitfield32,N/A,PCS Alerts,"{0: 'Soft-start abnormal', 1: 'DC bus short circuit', 2: 'DC link unbalance/undervoltage', 3: 'DC link overvoltage', 4: 'DCDC abnormal', 5: 'Inverter over temperature', 6: 'Hardware over-current protection', 7: 'Inverter relay abnormal', 8: 'Internal power supply abnormal', 9: 'Software version incompatibility', 10: 'Internal DSP communication lost', 11: 'Internal communication loss EMS to master DSP', 12: 'Internal storage error', 13: 'M3 Microprocessor TX failure', 14: 'M3 Microprocessor RX failure', 15: 'M8 Microprocessor TX failure', 16: 'M8 Microprocessor RX failure', 17: 'US/European Model detection error'}",Level of Detail: Complete; Equipment: Inverter; Component: AC Side; Type of Data: Alarms/Faults
ss40k_inverter,40103,reserved3,fixed,reserved3,Reserved,Reserved for future use. Data code: 40103.reserved3,string,N/A,PCS Alerts,,
ss40k_inverter,40103,pcsParaWarning,fixed,pcsParaWarning,PCS Parallel Warning Flags,Warnings related to parallel inverter operation. Data code: 40103.pcsParaWarning,bitfield32,N/A,PCS Parallel Alerts,"{0: 'Parallel battery abnormal', 1: 'Parallel grid abnormal'}",Level of Detail: Complete; Equipment: Inverter; Component: AC Side; Type of Data: Alarms/Faults; Feature: Parallel
ss40k_inverter,40103,PCSParaFault,fixed,PCSParaFault,PCS Parallel Fault Flags,Faults related to multi-unit inverter operation. Data code: 40103.PCSParaFault,bitfield32,N/A,PCS Parallel Alerts,"{0: 'Parallel ID warning', 1: 'Parallel inverter sync signal abnormal', 2: 'Parallel inverter general config abnormal', 3: 'Parallel inverter power-rating mismatch', 4: 'Parallel inverter phase config abnormal', 5: 'Parallel inverter phase loss', 6: 'Primary inverter communication loss', 7: 'No primary inverter detected', 8: 'Multiple primary inverters detected', 9: 'Parallel communication error', 10: 'Grid rule different in Parallel'}",Level of Detail: Complete; Equipment: Inverter; Component: AC Side; Type of Data: Alarms/Faults; Feature: Parallel
ss40k_inverter,40103,reserved4,fixed,reserved4,Reserved,Reserved for future use. Data code: 40103.reserved4,string,N/A,PCS Parallel Alerts,,
ss40k_inverter,40103,dcPvWarning,fixed,dcPvWarning,PV DC Warning Flags,Warning conditions related to PV input circuits. Data code: 40103.dcPvWarning,bitfield32,N/A,DC-PV  Alerts,"{0: 'PV polarity reverse', 1: 'PV MPPT short circuit detected', 2: 'AFCI communication loss'}",Level of Detail: Complete; Equipment: Inverter; Component: PV-DC; Type of Data: Alarms/Faults
ss40k_inverter,40103,dcPvFault,fixed,dcPvFault,PV DC Fault Flags,Fault conditions related to PV input circuits. Data code: 40103.dcPvFault,bitfield32,N/A,DC-PV  Alerts,"{0: 'GFCI sensor abnormal', 1: 'PV leakage current abnormal', 2: 'PV insulation fault (ISO)', 3: 'Arc-fault detected', 4: 'PV boost abnormal', 5: 'PV over-voltage', 6: 'PV MPPT Multiple short circuits detected', 7: 'GFCI module fault'}",Level of Detail: Complete; Equipment: Inverter; Component: PV-DC; Type of Data: Alarms/Faults
ss40k_inverter,40103,reserved5,fixed,reserved5,Reserved,Reserved for future use. Data code: 40103.reserved5,string,N/A,DC-PV  Alerts,,
ss40k_inverter,40103,batWarning,fixed,batWarning,Battery Warning Flags,Battery-related warning conditions detected by inverter or BMS. Data code: 40103.batWarning,bitfield32,N/A,Battery  Alerts,"{0: 'No battery detected', 1: 'Battery charge/discharge fault', 2: 'BMS communication fault', 3: 'Battery discharge over-current', 4: 'Battery over-temperature', 5: 'Battery under-temperature', 6: 'Battery  Reversed'}",Level of Detail: Complete; Equipment: Battery; Component: Battery; Type of Data: Alarms/Faults
ss40k_inverter,40103,batFault,fixed,batFault,Battery Fault Flags,Battery-related fault conditions that stop charge or discharge. Data code: 40103.batFault,bitfield32,N/A,Battery  Alerts,"{0: 'Battery over-voltage', 1: 'Battery under-voltage'}",Level of Detail: Complete; Equipment: Battery; Component: Battery; Type of Data: Alarms/Faults
ss40k_inverter,40103,reserved6,fixed,reserved6,Reserved,Reserved for future use. Data code: 40103.reserved6,string,N/A,Battery  Alerts,,
ss40k_inverter,40103,gridWarning,fixed,gridWarning,Grid Warning Flags,Warnings related to AC grid quality or presence. Data code: 40103.gridWarning,bitfield32,N/A,Grid Alerts,"{0: 'No grid detected', 1: 'Grid abnormal', 2: 'VAC abnormal', 3: 'Grid over-voltage', 4: 'Grid under-voltage', 5: 'Grid frequency fault', 6: 'Grid over-frequency', 7: 'Grid under-frequency'}",Level of Detail: Complete; Equipment: Inverter; Component: Grid; Type of Data: Alarms/Faults
ss40k_inverter,40103,gridFault,fixed,gridFault,Grid Fault Flags,Fault conditions detected in AC grid interface. Data code: 40103.gridFault,bitfield32,N/A,Grid Alerts,"{0: 'Inverter DC-bias over-current', 1: 'AC moving-average voltage high', 2: 'Grid neutral abnormal', 3: 'DSP-MCU grid-voltage fault', 4: 'DC-bus UV sampling fault'}",Level of Detail: Complete; Equipment: Inverter; Component: Grid; Type of Data: Alarms/Faults
ss40k_inverter,40103,reserved7,fixed,reserved7,Reserved,Reserved for future use. Data code: 40103.reserved7,string,N/A,Grid Alerts,,
ss40k_inverter,40103,meterWarning,fixed,meterWarning,Meter Warning Flags,Meter-related warnings such as connection or polarity issues. Data code: 40103.meterWarning,bitfield32,N/A,Meter Alerts,"{0: 'Meter lost', 1: 'Meter reversed'}",Level of Detail: Complete; Equipment: Inverter; Component: AC Side; Type of Data: Alarms/Faults; Feature: Meter
ss40k_inverter,40103,reserved8,fixed,reserved8,Reserved,Reserved for future use. Data code: 40103.reserved8,string,N/A,Meter Alerts,,
ss40k_inverter,40103,bkupFault,fixed,bkupFault,Backup Fault Flags,Fault conditions on the backup output circuit. Data code: 40103.bkupFault,bitfield32,N/A,Backup  Alerts,"{0: 'Backup DC-Bias Over-voltage', 1: 'Backup output voltage abnormal', 2: 'Backup off-grid over-voltage', 3: 'Backup short circuit', 4: 'Backup overload', 6: 'Backup AC Backfeed (Reverse Power Flow)', 7: 'Backup and grid port miswired / cross-connection'}",Level of Detail: Complete; Equipment: Inverter; Component: Backup Power; Type of Data: Alarms/Faults
ss40k_inverter,40103,reserved9,fixed,reserved9,Reserved,Reserved for future use. Data code: 40103.reserved9,string,N/A,Backup  Alerts,,
ss40k_inverter,40103,Reserved10,fixed,Reserved10,Reserved,Reserved for future use. Data code: 40103.Reserved10,string,N/A,load  Alerts,,
ss40k_inverter,40103,genFault,fixed,genFault,Generator Fault Flags,Fault conditions detected at the generator port. Data code: 40103.genFault,bitfield32,N/A,Generator Alerts,{0: 'Generator voltage abnormal'},Level of Detail: Complete; Equipment: Inverter; Component: Generator; Type of Data: Alarms/Faults
ss40k_inverter,40103,reserved11,fixed,reserved11,Reserved,Reserved for future use. Data code: 40103.reserved11,string,N/A,Generator Alerts,,
ss40k_inverter,40103,rsdWarning,fixed,rsdWarning,RSD Warning Flags,Rapid shutdown (RSD) warnings or active state. Data code: 40103.rsdWarning,bitfield32,N/A,RSD Alerts,{0: 'RSD active'},Level of Detail: Complete; Equipment: Inverter; Component: RSD; Type of Data: Alarms/Faults
ss40k_inverter,40103,reserved12,fixed,reserved12,Reserved,Reserved for future use. Data code: 40103.reserved12,string,N/A,RSD Alerts,,
ss40k_inverter,40104,ID,fixed,ID,ID,ID Data code: 40104.ID,uint16,N/A,General,,
ss40k_inverter,40104,L,fixed,L,L,L Data code: 40104.L,uint16,N/A,General,,
ss40k_inverter,40104,SiteID,fixed,SiteID,SiteID,SiteID Data code: 40104.SiteID,uint32,uint32,Site,,
ss40k_inverter,40104,reserved1,fixed,reserved1,reserved1,Reserved Data code: 40104.reserved1,string,string,Site,,
ss40k_inverter,40104,SN,fixed,SN,SN,Device Serial number Data code: 40104.SN,string,string,PCS,,
ss40k_inverter,40104,reserved2,fixed,reserved2,reserved2,Reserved Data code: 40104.reserved2,string,string,PCS,,
ss40k_inverter,40104,Year,fixed,Year,System Time Year,Value from Site Configuration Inverter/Basic Setup. Date and time the inverter will use to run schedules Data code: 40104.Year,uint16,N/A,Basic,,Level of Detail: Complete; Equipment: Inverter; Component: AC Side; Type of Data: Settings; Feature: Basic Setup
ss40k_inverter,40104,Month,fixed,Month,System Time Mon,Value from Site Configuration Inverter/Basic Setup. Date and time the inverter will use to run schedules Data code: 40104.Month,uint16,N/A,Basic,,Level of Detail: Complete; Equipment: Inverter; Component: AC Side; Type of Data: Settings; Feature: Basic Setup
ss40k_inverter,40104,Day,fixed,Day,System Time Day,Value from Site Configuration Inverter/Basic Setup. Date and time the inverter will use to run schedules Data code: 40104.Day,uint16,N/A,Basic,,Level of Detail: Complete; Equipment: Inverter; Component: AC Side; Type of Data: Settings; Feature: Basic Setup
ss40k_inverter,40104,Hour,fixed,Hour,System Time Hour,Value from Site Configuration Inverter/Basic Setup. Date and time the inverter will use to run schedules Data code: 40104.Hour,uint16,N/A,Basic,,Level of Detail: Complete; Equipment: Inverter; Component: AC Side; Type of Data: Settings; Feature: Basic Setup
ss40k_inverter,40104,Minute,fixed,Minute,System Time Min,Value from Site Configuration Inverter/Basic Setup. Date and time the inverter will use to run schedules Data code: 40104.Minute,uint16,N/A,Basic,,Level of Detail: Complete; Equipment: Inverter; Component: AC Side; Type of Data: Settings; Feature: Basic Setup
ss40k_inverter,40104,Second,fixed,Second,System Time Sec,Value from Site Configuration Inverter/Basic Setup. Date and time the inverter will use to run schedules Data code: 40104.Second,uint16,N/A,Basic,,Level of Detail: Complete; Equipment: Inverter; Component: AC Side; Type of Data: Settings; Feature: Basic Setup
ss40k_inverter,40104,OperatingMode,fixed,OperatingMode,Grid Interaction,"Value from Site Configuration Inverter/Basic Setup. Select whether the inverter operates independently of the grid, or is connected to the grid. If off-grid, you should also ignore grid-loss warnings. Data code: 40104.OperatingMode",enum16,N/A,Basic,"{0: 'Grid-tied', 1: 'Off-grid'}",Level of Detail: Complete; Equipment: Inverter; Component: AC Side; Type of Data: Settings; Type of Data: Status; Feature: Basic Setup
ss40k_inverter,40104,WorkMode,fixed,WorkMode,Operating Mode,"Value from Site Configuration Inverter/Basic Setup. Select how solar power is prioritized.

- Self-consumption: PV powers the home first, then charges the battery, and exports last (if allowed).

- Export first: PV powers the home, then exports to grid, and charges the battery last.

- Backup power: PV charges the battery first to build reserve, then powers the home, and exports last (if allowed).

If a battery schedule is running (PV Charge Only, Discharge Only, or Grid Charge), the inverter will follow that schedule during those times instead of this operating mode. When the scheduled period ends, the inverter will return to the selected operating mode.
 Data code: 40104.WorkMode",enum16,N/A,Basic,"{0: 'Self used mode', 1: 'Feed-in priority mode', 2: 'Back-up mode'}",Level of Detail: Complete; Equipment: Inverter; Component: AC Side; Type of Data: Settings; Type of Data: Status; Feature: Basic Setup
ss40k_inverter,40104,PowerControl,fixed,PowerControl,Power Status,"Value from Site Configuration Inverter/Basic Setup. Put the inverter into standby mode to stop operation or make configuration changes. While in standby, the inverter will not generate PV power or charge/discharge the battery. If grid power is available, it be used to supply the loads. If the grid is unavailable, the building will not have power. Data code: 40104.PowerControl",enum16,N/A,Basic,"{0: 'Standby', 1: 'PowerOn'}",Level of Detail: Complete; Equipment: Inverter; Component: AC Side; Type of Data: Settings; Type of Data: Status; Feature: Basic Setup
ss40k_inverter,40104,pvPowPriority,fixed,pvPowPriority,pvPowPriority,PV Power Priority Data code: 40104.pvPowPriority,enum16,N/A,Basic,"{0: 'Load EVCharger, Battery, Grid', 1: 'Load EVCharger, Grid, Battery', 2: 'Battery, Load EVCharger, Grid', 3: 'Load EVCharger, Battery'}",
ss40k_inverter,40104,powSrcPriority,fixed,powSrcPriority,powSrcPriority,Power Source Priority Data code: 40104.powSrcPriority,enum16,N/A,Basic,"{0: 'PV, Battery, Grid, Generator', 1: 'PV, Grid, Battery,Generator', 2: 'PV, Battery, Generator'}",
ss40k_inverter,40104,reserved3,fixed,reserved3,reserved3,Reserved Data code: 40104.reserved3,string,string,Basic,,
ss40k_inverter,40104,CTSampleRatio,fixed,CTSampleRatio,CT Ratio,Value from Site Configuration Inverter/Current Transformer (CT) Settings. Select the current transformer (CT) ratio used for metering electric current on the grid port connection. This must match the CT hardware rating so that current and power readings are accurate. Data code: 40104.CTSampleRatio,enum16,N/A,Measurement,"{0: 'Unknown', 1: '1000 : 1', 2: '2000 : 1', 3: '2500 : 1', 4: '3000 : 1', 5: '4000 : 1', 6: '5000 : 1', 7: '6000 : 1', 8: '10000 : 1'}",Level of Detail: Complete; Equipment: Inverter; Component: AC Side; Type of Data: Settings; Type of Data: Status; Feature: CT
ss40k_inverter,40104,CTDirection,fixed,CTDirection,CT Direction,Value from Site Configuration Inverter/Current Transformer (CT) Settings. Sets the CT installation direction. You may choose to reverse this if your inverter is reading import when power is actually flowing out to the grid (export) or vice versa. Data code: 40104.CTDirection,enum16,N/A,Measurement,"{0: 'Grid to inverter', 1: 'Inverter to grid'}",Level of Detail: Complete; Equipment: Inverter; Component: AC Side; Type of Data: Settings; Type of Data: Status; Feature: CT
ss40k_inverter,40104,reserved4,fixed,reserved4,reserved4,Reserved Data code: 40104.reserved4,string,string,Measurement,,
ss40k_inverter,40104,BatteryType,fixed,BatteryType,Battery Type,"Value from Site Configuration Battery/Setup. Specifies the chemistry or general type of connected battery. Choose **No Battery** for standalone PV or grid-tie operation, **Lead-acid** for flooded or AGM batteries, or **Lithium-ion** for managed BMS packs. This value is set on the inverter. Data code: 40104.BatteryType",enum16,N/A,BatteryBase,"{1: 'Lead-Acid battery', 2: 'Lithium-ion', 3: 'Unavailable'}",Level of Detail: Complete; Equipment: Battery; Component: Battery; Type of Data: Settings; Type of Data: Status; Feature: Setup
ss40k_inverter,40104,BatteryBrand,fixed,BatteryBrand,Battery Brand,Value from Site Configuration Battery/Setup. Selects the manufacturer profile for the connected battery. This may pre-configure recommended voltage and SOC limits for optimal operation. This value is set on the inverter. Data code: 40104.BatteryBrand,enum16,N/A,BatteryBase,"{0: 'Unavailable', 1: 'FortressPower'}",Level of Detail: Complete; Equipment: Battery; Component: Battery; Type of Data: Settings; Type of Data: Status; Feature: Setup
ss40k_inverter,40104,AbsorbVoltage,fixed,AbsorbVoltage,Absorb Voltage,Value from Site Configuration Battery/Setup. Sets the voltage used during the absorb (bulk-to-float transition) phase. Increasing this value raises the upper charge threshold for lead-acid batteries. This value is set on the inverter. Data code: 40104.AbsorbVoltage,uint16,N/A,BatteryBase,,Level of Detail: Complete; Equipment: Battery; Component: Battery; Type of Data: Settings; Feature: Setup
ss40k_inverter,40104,FloatVoltage,fixed,FloatVoltage,Float Voltage,Value from Site Configuration Battery/Setup. Defines the voltage maintained once the battery is fully charged. This helps prevent overcharging while keeping the battery topped off. This value is set on the inverter. Data code: 40104.FloatVoltage,uint16,N/A,BatteryBase,,Level of Detail: Complete; Equipment: Battery; Component: Battery; Type of Data: Settings; Feature: Setup
ss40k_inverter,40104,VbatStartDerating,fixed,VbatStartDerating,Start Derating Voltage,Value from Site Configuration Battery/Setup. Voltage threshold where the inverter begins reducing charge or discharge current to protect the battery as it approaches full or low state. This value is set on the inverter. Data code: 40104.VbatStartDerating,uint16,N/A,BatteryBase,,Level of Detail: Complete; Equipment: Battery; Component: Battery; Type of Data: Settings; Feature: Setup
ss40k_inverter,40104,ChaDisChaCtrlType,fixed,ChaDisChaCtrlType,Battery Control Type,"Value from Site Configuration Battery/Setup. Determines how the inverter regulates both charging and discharging.

SOC: Uses battery state of charge thresholds to start and stop charge/discharge.

Volt: Uses DC voltage limits instead. This value is set on the inverter. Data code: 40104.ChaDisChaCtrlType",enum16,N/A,BatteryBase,"{0: 'SOC(%),', 1: 'Battery voltage (V)'}",Level of Detail: Complete; Equipment: Battery; Component: Battery; Type of Data: Settings; Type of Data: Status; Feature: Setup
ss40k_inverter,40104,ChargeLimitSoc,fixed,ChargeLimitSoc,Charge Limit (SOC),"Value from Site Configuration Battery/Setup. Sets the maximum state of charge (SOC) the battery will be charged to. Once the battery reaches this level, charging stops to prevent overcharging and extend lifespan. This value is set on the inverter. Data code: 40104.ChargeLimitSoc",uint16,%,BatteryBase,,Level of Detail: Complete; Equipment: Battery; Component: Battery; Type of Data: Settings; Unit: %; Feature: Setup
ss40k_inverter,40104,MaxChargingCurrent,fixed,MaxChargingCurrent,Max Battery Current Max Charge Preset,Value from Site Configuration Battery/Setup. Sets the maximum charging and discharging current allowed for the connected inverter. Choose the preset that matches your inverter model to automatically apply the correct limits. This value is set on the inverter. Data code: 40104.MaxChargingCurrent,uint16,A,BatteryBase,,Level of Detail: Complete; Equipment: Battery; Component: Battery; Type of Data: Settings; Feature: Setup
ss40k_inverter,40104,OnGridCutOffSoc,fixed,OnGridCutOffSoc,On-Grid Battery Cutoff SOC,"Value from Site Configuration Battery/Setup. Sets the minimum state of charge (SOC) the battery will discharge to while grid power is available. Below this level, the inverter will stop discharging and switch to grid power to protect battery capacity. This value is set on the inverter. Data code: 40104.OnGridCutOffSoc",uint16,%,BatteryBase,,Level of Detail: Complete; Equipment: Battery; Component: Battery; Type of Data: Settings; Unit: %; Feature: Setup
ss40k_inverter,40104,OffGridCutOffSoc,fixed,OffGridCutOffSoc,Off-Grid Battery Cutoff SOC,"Value from Site Configuration Battery/Setup. Sets the minimum state of charge (SOC) the battery will discharge to when operating off-grid. Once the battery reaches this level, the inverter stops discharging to prevent deep discharge and maintain battery health. This value is set on the inverter. Data code: 40104.OffGridCutOffSoc",uint16,%,BatteryBase,,Level of Detail: Complete; Equipment: Battery; Component: Battery; Type of Data: Settings; Unit: %; Feature: Setup
ss40k_inverter,40104,reserved5,fixed,reserved5,reserved5,Reserved Data code: 40104.reserved5,string,string,BatteryBase,,
ss40k_inverter,40104,BatteryScheduling,fixed,BatteryScheduling,Battery Scheduling,"Value from Site Configuration Battery/Battery Scheduling. This is a special scheduling mode designed for certain time-of-use (TOU) utility rates or other custom situations. In most circumstances, we recomment allowing your system to  manage charging and discharging automatically without setting a schedule.  You don't need to set a schedule unless you have a specific reason to charge or discharge at exact times. This value is set on the inverter. Data code: 40104.BatteryScheduling",enum16,N/A,BatteryScheduling,"{0: 'disable', 1: 'enable', 2: 'Inconsistency'}",Level of Detail: Complete; Equipment: Battery; Component: Battery; Type of Data: Settings; Type of Data: Status; Feature: Battery Scheduling
ss40k_inverter,40104,pChgT1,fixed,pChgT1,Max Battery Charge Power During 'PV Charge Only' Periods,Value from Site Configuration Battery/Battery Scheduling/PV Charge Only. Sets the maximum charging power during scheduled Time-of-Use (TOU) charge periods in kW. Set this limit to control the power level at which the battery will charge from the grid during PV charge only periods This value is set on the inverter. Data code: 40104.pChgT1,uint32,W,BatteryTOUCharge,,Level of Detail: Complete; Equipment: Battery; Component: Battery; Type of Data: Settings; Unit: Power; Feature: Battery Scheduling
ss40k_inverter,40104,socChgEndT1,fixed,socChgEndT1,socChgEndT1,Charge end SOC in time 1 This value is set on the inverter. Data code: 40104.socChgEndT1,uint16,%,BatteryTOUCharge,,Level of Detail: Complete; Equipment: Battery; Component: Battery; Type of Data: Settings; Unit: %; Feature: Battery Scheduling
ss40k_inverter,40104,socChgEndT2,fixed,socChgEndT2,socChgEndT2,Charge end SOC in time 2 This value is set on the inverter. Data code: 40104.socChgEndT2,uint16,%,BatteryTOUCharge,,Level of Detail: Complete; Equipment: Battery; Component: Battery; Type of Data: Settings; Unit: %; Feature: Battery Scheduling
ss40k_inverter,40104,socChgEndT3,fixed,socChgEndT3,socChgEndT3,Charge end SOC in time 3 This value is set on the inverter. Data code: 40104.socChgEndT3,uint16,%,BatteryTOUCharge,,Level of Detail: Complete; Equipment: Battery; Component: Battery; Type of Data: Settings; Unit: %; Feature: Battery Scheduling
ss40k_inverter,40104,chgST1,fixed,chgST1,Schedule Window 1 for PV Charge Only Start Minute (0-59),Value from Site Configuration Battery/Battery Scheduling/PV Charge Only. During these times your battery will charge from solar power and not discharge to power your home unless there is a grid power outage This value is set on the inverter. Data code: 40104.chgST1,bitsplit,bitsplit,BatteryTOUCharge,"{'0-7': 'Minute', '8-15': 'Hour'}",Level of Detail: Complete; Equipment: Battery; Component: Battery; Type of Data: Settings; Feature: Battery Scheduling
ss40k_inverter,40104,chgET1,fixed,chgET1,Schedule Window 1 for PV Charge Only End Minute (0-59),Value from Site Configuration Battery/Battery Scheduling/PV Charge Only. During these times your battery will charge from solar power and not discharge to power your home unless there is a grid power outage This value is set on the inverter. Data code: 40104.chgET1,bitsplit,bitsplit,BatteryTOUCharge,"{'0-7': 'Minute', '8-15': 'Hour'}",Level of Detail: Complete; Equipment: Battery; Component: Battery; Type of Data: Settings; Feature: Battery Scheduling
ss40k_inverter,40104,chgST2,fixed,chgST2,Schedule Window 2 for PV Charge Only Start Minute (0-59),Value from Site Configuration Battery/Battery Scheduling/PV Charge Only. During these times your battery will charge from solar power and not discharge to power your home unless there is a grid power outage This value is set on the inverter. Data code: 40104.chgST2,bitsplit,bitsplit,BatteryTOUCharge,"{'0-7': 'Minute', '8-15': 'Hour'}",Level of Detail: Complete; Equipment: Battery; Component: Battery; Type of Data: Settings; Feature: Battery Scheduling
ss40k_inverter,40104,chgET2,fixed,chgET2,Schedule Window 2 for PV Charge Only End Minute (0-59),Value from Site Configuration Battery/Battery Scheduling/PV Charge Only. During these times your battery will charge from solar power and not discharge to power your home unless there is a grid power outage This value is set on the inverter. Data code: 40104.chgET2,bitsplit,bitsplit,BatteryTOUCharge,"{'0-7': 'Minute', '8-15': 'Hour'}",Level of Detail: Complete; Equipment: Battery; Component: Battery; Type of Data: Settings; Feature: Battery Scheduling
ss40k_inverter,40104,chgST3,fixed,chgST3,Schedule Window 3 for PV Charge Only Start Minute (0-59),Value from Site Configuration Battery/Battery Scheduling/PV Charge Only. During these times your battery will charge from solar power and not discharge to power your home unless there is a grid power outage This value is set on the inverter. Data code: 40104.chgST3,bitsplit,bitsplit,BatteryTOUCharge,"{'0-7': 'Minute', '8-15': 'Hour'}",Level of Detail: Complete; Equipment: Battery; Component: Battery; Type of Data: Settings; Feature: Battery Scheduling
ss40k_inverter,40104,chgET3,fixed,chgET3,Schedule Window 3 for PV Charge Only End Minute (0-59),Value from Site Configuration Battery/Battery Scheduling/PV Charge Only. During these times your battery will charge from solar power and not discharge to power your home unless there is a grid power outage This value is set on the inverter. Data code: 40104.chgET3,bitsplit,bitsplit,BatteryTOUCharge,"{'0-7': 'Minute', '8-15': 'Hour'}",Level of Detail: Complete; Equipment: Battery; Component: Battery; Type of Data: Settings; Feature: Battery Scheduling
ss40k_inverter,40104,reserved7,fixed,reserved7,reserved7,Reserved Data code: 40104.reserved7,string,string,BatteryTOUCharge,,
ss40k_inverter,40104,pDischgT1,fixed,pDischgT1,Max Inverter Power During 'Discharge Only' Periods,Value from Site Configuration Battery/Battery Scheduling/Discharge Only. Sets the maximum discharging power during scheduled Time-of-Use (TOU) discharge periods in kW. Limit this to control how much battery power is exported to loads or grid during those windows. This value is set on the inverter. Data code: 40104.pDischgT1,uint32,kW,BatteryTOUDischarge,,Level of Detail: Complete; Equipment: Battery; Component: Battery; Type of Data: Settings; Feature: Battery Scheduling
ss40k_inverter,40104,socDischgEndT1,fixed,socDischgEndT1,TOU Discharge Stop SOC,"Value from Site Configuration Battery/Battery Scheduling/Discharge Only. Sets the minimum state of charge (SOC) that the battery will discharge to during 'Discharge Only' operation. Once this level is reached, discharging stops to preserve reserve capacity for later use or backup. This value is set on the inverter. Data code: 40104.socDischgEndT1",uint16,%,BatteryTOUDischarge,,Level of Detail: Complete; Equipment: Battery; Component: Battery; Type of Data: Settings; Unit: %; Feature: Battery Scheduling
ss40k_inverter,40104,socDischgEndT2,fixed,socDischgEndT2,socDischgEndT2,Discharge end SOC in time 2 This value is set on the inverter. Data code: 40104.socDischgEndT2,uint16,%,BatteryTOUDischarge,,Level of Detail: Complete; Equipment: Battery; Component: Battery; Type of Data: Settings; Unit: %; Feature: Battery Scheduling
ss40k_inverter,40104,socDischgEndT3,fixed,socDischgEndT3,socDischgEndT3,Discharge end SOC in time 3 This value is set on the inverter. Data code: 40104.socDischgEndT3,uint16,%,BatteryTOUDischarge,,Level of Detail: Complete; Equipment: Battery; Component: Battery; Type of Data: Settings; Unit: %; Feature: Battery Scheduling
ss40k_inverter,40104,dischgST1,fixed,dischgST1,Schedule Window 1 for Discharge Only Start Minute (0-59),"Value from Site Configuration Battery/Battery Scheduling/Discharge Only. During these times, your battery will discharge at a steady rate and not charge from solar power.  Solar power will be used in your home and sold to the grid as allowed This value is set on the inverter. Data code: 40104.dischgST1",bitsplit,bitsplit,BatteryTOUDischarge,"{'0-7': 'Minute', '8-15': 'Hour'}",Level of Detail: Complete; Equipment: Battery; Component: Battery; Type of Data: Settings; Feature: Battery Scheduling
ss40k_inverter,40104,dischgET1,fixed,dischgET1,Schedule Window 1 for Discharge Only End Minute (0-59),"Value from Site Configuration Battery/Battery Scheduling/Discharge Only. During these times, your battery will discharge at a steady rate and not charge from solar power.  Solar power will be used in your home and sold to the grid as allowed This value is set on the inverter. Data code: 40104.dischgET1",bitsplit,bitsplit,BatteryTOUDischarge,"{'0-7': 'Minute', '8-15': 'Hour'}",Level of Detail: Complete; Equipment: Battery; Component: Battery; Type of Data: Settings; Feature: Battery Scheduling
ss40k_inverter,40104,dischgST2,fixed,dischgST2,Schedule Window 2 for Discharge Only Start Minute (0-59),"Value from Site Configuration Battery/Battery Scheduling/Discharge Only. During these times, your battery will discharge at a steady rate and not charge from solar power.  Solar power will be used in your home and sold to the grid as allowed This value is set on the inverter. Data code: 40104.dischgST2",bitsplit,bitsplit,BatteryTOUDischarge,"{'0-7': 'Minute', '8-15': 'Hour'}",Level of Detail: Complete; Equipment: Battery; Component: Battery; Type of Data: Settings; Feature: Battery Scheduling
ss40k_inverter,40104,dischgET2,fixed,dischgET2,Schedule Window 2 for Discharge Only End Minute (0-59),"Value from Site Configuration Battery/Battery Scheduling/Discharge Only. During these times, your battery will discharge at a steady rate and not charge from solar power.  Solar power will be used in your home and sold to the grid as allowed This value is set on the inverter. Data code: 40104.dischgET2",bitsplit,bitsplit,BatteryTOUDischarge,"{'0-7': 'Minute', '8-15': 'Hour'}",Level of Detail: Complete; Equipment: Battery; Component: Battery; Type of Data: Settings; Feature: Battery Scheduling
ss40k_inverter,40104,dischgST3,fixed,dischgST3,Schedule Window 3 for Discharge Only Start Minute (0-59),"Value from Site Configuration Battery/Battery Scheduling/Discharge Only. During these times, your battery will discharge at a steady rate and not charge from solar power.  Solar power will be used in your home and sold to the grid as allowed This value is set on the inverter. Data code: 40104.dischgST3",bitsplit,bitsplit,BatteryTOUDischarge,"{'0-7': 'Minute', '8-15': 'Hour'}",Level of Detail: Complete; Equipment: Battery; Component: Battery; Type of Data: Settings; Feature: Battery Scheduling
ss40k_inverter,40104,dischgET3,fixed,dischgET3,Schedule Window 3 for Discharge Only End Minute (0-59),"Value from Site Configuration Battery/Battery Scheduling/Discharge Only. During these times, your battery will discharge at a steady rate and not charge from solar power.  Solar power will be used in your home and sold to the grid as allowed This value is set on the inverter. Data code: 40104.dischgET3",bitsplit,bitsplit,BatteryTOUDischarge,"{'0-7': 'Minute', '8-15': 'Hour'}",Level of Detail: Complete; Equipment: Battery; Component: Battery; Type of Data: Settings; Feature: Battery Scheduling
ss40k_inverter,40104,reserved8,fixed,reserved8,reserved8,Reserved Data code: 40104.reserved8,string,string,BatteryTOUDischarge,,
ss40k_inverter,40104,GridRegulation,fixed,GridRegulation,Grid Parameters,Value from Site Configuration Grid/Setup. This setting changes the conditions under which the inverter will connect or disconnect from the utility grid. Different areas have different rules about when this equipment is allowed to disconnect and when it must ride through. Choose the code required by the local utility or AHJ. Data code: 40104.GridRegulation,enum16,N/A,GridBase,"{0: 'Default(UL-240-18)', 1: 'California(Rule 21)', 2: 'Hawaii(Rule 14)', 3: 'Puerto Rico LUMA'}",Level of Detail: Complete; Equipment: Inverter; Component: Grid; Type of Data: Settings; Type of Data: Status; Feature: Setup
ss40k_inverter,40104,GridType,fixed,GridType,Grid Type,Value from Site Configuration Grid/Setup. Choose wiring configuration of the site.  This helps configure the system to match the power service at the site.  Note the voltage you enter here must match the EPS Voltage. Data code: 40104.GridType,enum16,N/A,GridBase,"{0: 'Split240V/120V', 1: '3phase 208V/120V'}",Level of Detail: Complete; Equipment: Inverter; Component: Grid; Type of Data: Settings; Type of Data: Status; Feature: Setup
ss40k_inverter,40104,GridFreq,fixed,GridFreq,Grid Frequency,Value from Site Configuration Grid/Setup. Sets the nominal grid frequency for the installation. Use 60 Hz for North America and most split-phase installs; use 50 Hz for regions that operate at 230 V single-phase. Data code: 40104.GridFreq,uint16,N/A,GridBase,,Level of Detail: Complete; Equipment: Inverter; Component: Grid; Type of Data: Settings; Feature: Setup
ss40k_inverter,40104,reserved9,fixed,reserved9,reserved9,Reserved Data code: 40104.reserved9,string,string,GridBase,,
ss40k_inverter,40104,PermitServiceStatus,fixed,PermitServiceStatus,Permit to Operate,Value from Site Configuration Grid/Grid Connection. Shows whether the inverter is permitted to operate in grid-connected mode. Data code: 40104.PermitServiceStatus,enum16,N/A,GridConnection,"{0: 'disable,', 1: 'enable'}",Level of Detail: Complete; Equipment: Inverter; Component: Grid; Type of Data: Settings; Type of Data: Status; Feature: Grid Connection
ss40k_inverter,40104,RampRate,fixed,RampRate,Ramp Rate,Value from Site Configuration Grid/Grid Connection. How quickly inverter output is allowed to increase. Data code: 40104.RampRate,uint16,N/A,GridConnection,,Level of Detail: Complete; Equipment: Inverter; Component: Grid; Type of Data: Settings; Feature: Grid Connection
ss40k_inverter,40104,ApplicableVoltageLow,fixed,ApplicableVoltageLow,Applicable Grid Voltage Range Lower Limit (Vac),Value from Site Configuration Grid/Grid Connection. Voltage window within which grid connection is permitted. Outside this range the inverter will not connect or will disconnect. Data code: 40104.ApplicableVoltageLow,uint16,N/A,GridConnection,,Level of Detail: Complete; Equipment: Inverter; Component: Grid; Type of Data: Settings; Feature: Grid Connection
ss40k_inverter,40104,ApplicableVoltageHigh,fixed,ApplicableVoltageHigh,Applicable Grid Voltage Range Upper Limit (Vac),Value from Site Configuration Grid/Grid Connection. Voltage window within which grid connection is permitted. Outside this range the inverter will not connect or will disconnect. Data code: 40104.ApplicableVoltageHigh,uint16,N/A,GridConnection,,Level of Detail: Complete; Equipment: Inverter; Component: Grid; Type of Data: Settings; Feature: Grid Connection
ss40k_inverter,40104,ApplicableFrequencyLow,fixed,ApplicableFrequencyLow,Applicable Grid Frequency Range Lower Limit (Hz),Value from Site Configuration Grid/Grid Connection. Frequency window within which grid connection is permitted. Outside this range the inverter will not connect or will disconnect. Data code: 40104.ApplicableFrequencyLow,uint16,N/A,GridConnection,,Level of Detail: Complete; Equipment: Inverter; Component: Grid; Type of Data: Settings; Feature: Grid Connection
ss40k_inverter,40104,ApplicableFrequencyHigh,fixed,ApplicableFrequencyHigh,Applicable Grid Frequency Range Upper Limit (Hz),Value from Site Configuration Grid/Grid Connection. Frequency window within which grid connection is permitted. Outside this range the inverter will not connect or will disconnect. Data code: 40104.ApplicableFrequencyHigh,uint16,N/A,GridConnection,,Level of Detail: Complete; Equipment: Inverter; Component: Grid; Type of Data: Settings; Feature: Grid Connection
ss40k_inverter,40104,ConnectionDelayTime,fixed,ConnectionDelayTime,Connection Delay Times Connection Delay (s),Value from Site Configuration Grid/Grid Connection. Delays applied before initial grid connection and after a grid disturbance clears (reconnection). These timers help meet interconnection standards.  The connection delay is how long the inverter will wait after first being powered on.  Reconnection delay is how long the inverter will wait after a grid disturbance or outage clears. Data code: 40104.ConnectionDelayTime,uint16,N/A,GridConnection,,Level of Detail: Complete; Equipment: Inverter; Component: Grid; Type of Data: Settings; Feature: Grid Connection
ss40k_inverter,40104,ReconnectionDelayTime,fixed,ReconnectionDelayTime,Connection Delay Times Reconnection Delay (s),Value from Site Configuration Grid/Grid Connection. Delays applied before initial grid connection and after a grid disturbance clears (reconnection). These timers help meet interconnection standards.  The connection delay is how long the inverter will wait after first being powered on.  Reconnection delay is how long the inverter will wait after a grid disturbance or outage clears. Data code: 40104.ReconnectionDelayTime,uint16,N/A,GridConnection,,Level of Detail: Complete; Equipment: Inverter; Component: Grid; Type of Data: Settings; Feature: Grid Connection
ss40k_inverter,40104,reserved10,fixed,reserved10,reserved10,Reserved Data code: 40104.reserved10,string,string,GridConnection,,
ss40k_inverter,40104,GridVoltLimit1Low,fixed,GridVoltLimit1Low,Grid Voltage Limits (Stage 1) Lower Limit (Vac),"Value from Site Configuration Grid/Grid Protection/Grid Protection Parameters. Voltage trip window. If grid voltage rises above or falls below these thresholds for longer than the threshold time allows, the inverter will disconnect from the grid. Data code: 40104.GridVoltLimit1Low",uint16,N/A,GridProtection,,Level of Detail: Complete; Equipment: Inverter; Component: Grid; Type of Data: Settings; Feature: Grid Protection
ss40k_inverter,40104,GridVoltLimit1LowTime,fixed,GridVoltLimit1LowTime,Grid Voltage Trip Time Low Voltage Trip Delay (s),Value from Site Configuration Grid/Grid Protection/Grid Protection Parameters. Defines how long the grid voltage must remain below the lower limit or above the upper limit (Stage 1) before the inverter disconnects from the grid. Data code: 40104.GridVoltLimit1LowTime,uint16,N/A,GridProtection,,Level of Detail: Complete; Equipment: Inverter; Component: Grid; Type of Data: Settings; Feature: Grid Protection
ss40k_inverter,40104,GridVoltLimit1High,fixed,GridVoltLimit1High,Grid Voltage Limits (Stage 1) Upper Limit (Vac),"Value from Site Configuration Grid/Grid Protection/Grid Protection Parameters. Voltage trip window. If grid voltage rises above or falls below these thresholds for longer than the threshold time allows, the inverter will disconnect from the grid. Data code: 40104.GridVoltLimit1High",uint16,N/A,GridProtection,,Level of Detail: Complete; Equipment: Inverter; Component: Grid; Type of Data: Settings; Feature: Grid Protection
ss40k_inverter,40104,GridVoltLimit1HighTime,fixed,GridVoltLimit1HighTime,Grid Voltage Trip Time High Voltage Trip Delay (s),Value from Site Configuration Grid/Grid Protection/Grid Protection Parameters. Defines how long the grid voltage must remain below the lower limit or above the upper limit (Stage 1) before the inverter disconnects from the grid. Data code: 40104.GridVoltLimit1HighTime,uint16,N/A,GridProtection,,Level of Detail: Complete; Equipment: Inverter; Component: Grid; Type of Data: Settings; Feature: Grid Protection
ss40k_inverter,40104,GridVoltLimit2Low,fixed,GridVoltLimit2Low,Grid Voltage Limits (Stage 2) Lower Limit (Vac),"Value from Site Configuration Grid/Grid Protection/Grid Protection Parameters. Voltage trip window. If grid voltage rises above or falls below these thresholds for longer than the threshold time allows, the inverter will disconnect from the grid. Data code: 40104.GridVoltLimit2Low",uint16,N/A,GridProtection,,Level of Detail: Complete; Equipment: Inverter; Component: Grid; Type of Data: Settings; Feature: Grid Protection
ss40k_inverter,40104,GridVoltLimit2LowTime,fixed,GridVoltLimit2LowTime,Grid Voltage Trip Time (Stage 2) Low Voltage Trip Delay (s),Value from Site Configuration Grid/Grid Protection/Grid Protection Parameters. Defines how long the grid voltage must remain below the lower limit or above the upper limit (Stage 2) before the inverter disconnects from the grid. Data code: 40104.GridVoltLimit2LowTime,uint16,N/A,GridProtection,,Level of Detail: Complete; Equipment: Inverter; Component: Grid; Type of Data: Settings; Feature: Grid Protection
ss40k_inverter,40104,GridVoltLimit2High,fixed,GridVoltLimit2High,Grid Voltage Limits (Stage 2) Upper Limit (Vac),"Value from Site Configuration Grid/Grid Protection/Grid Protection Parameters. Voltage trip window. If grid voltage rises above or falls below these thresholds for longer than the threshold time allows, the inverter will disconnect from the grid. Data code: 40104.GridVoltLimit2High",uint16,N/A,GridProtection,,Level of Detail: Complete; Equipment: Inverter; Component: Grid; Type of Data: Settings; Feature: Grid Protection
ss40k_inverter,40104,GridVoltLimit2HighTime,fixed,GridVoltLimit2HighTime,Grid Voltage Trip Time (Stage 2) High Voltage Trip Delay (s),Value from Site Configuration Grid/Grid Protection/Grid Protection Parameters. Defines how long the grid voltage must remain below the lower limit or above the upper limit (Stage 2) before the inverter disconnects from the grid. Data code: 40104.GridVoltLimit2HighTime,uint16,N/A,GridProtection,,Level of Detail: Complete; Equipment: Inverter; Component: Grid; Type of Data: Settings; Feature: Grid Protection
ss40k_inverter,40104,GridVoltLimit3Low,fixed,GridVoltLimit3Low,Grid Voltage Limits (Stage 3) Lower Limit (Vac),"Value from Site Configuration Grid/Grid Protection/Grid Protection Parameters. Voltage trip window. If grid voltage rises above or falls below these thresholds for longer than the threshold time allows, the inverter will disconnect from the grid. Data code: 40104.GridVoltLimit3Low",uint16,N/A,GridProtection,,Level of Detail: Complete; Equipment: Inverter; Component: Grid; Type of Data: Settings; Feature: Grid Protection
ss40k_inverter,40104,GridVoltLimit3LowTime,fixed,GridVoltLimit3LowTime,Grid Voltage Trip Time (Stage 3) Low Voltage Trip Delay (s),Value from Site Configuration Grid/Grid Protection/Grid Protection Parameters. Defines how long the grid voltage must remain below the lower limit or above the upper limit (Stage 3) before the inverter disconnects from the grid. Data code: 40104.GridVoltLimit3LowTime,uint16,N/A,GridProtection,,Level of Detail: Complete; Equipment: Inverter; Component: Grid; Type of Data: Settings; Feature: Grid Protection
ss40k_inverter,40104,GridVoltLimit3High,fixed,GridVoltLimit3High,Grid Voltage Limits (Stage 3) Upper Limit (Vac),"Value from Site Configuration Grid/Grid Protection/Grid Protection Parameters. Voltage trip window. If grid voltage rises above or falls below these thresholds for longer than the threshold time allows, the inverter will disconnect from the grid. Data code: 40104.GridVoltLimit3High",uint16,N/A,GridProtection,,Level of Detail: Complete; Equipment: Inverter; Component: Grid; Type of Data: Settings; Feature: Grid Protection
ss40k_inverter,40104,GridVoltLimit3HighTime,fixed,GridVoltLimit3HighTime,Grid Voltage Trip Time (Stage 3) High Voltage Trip Delay (s),Value from Site Configuration Grid/Grid Protection/Grid Protection Parameters. Defines how long the grid voltage must remain below the lower limit or above the upper limit (Stage 3) before the inverter disconnects from the grid. Data code: 40104.GridVoltLimit3HighTime,uint16,N/A,GridProtection,,Level of Detail: Complete; Equipment: Inverter; Component: Grid; Type of Data: Settings; Feature: Grid Protection
ss40k_inverter,40104,GridFreqLimit1Low,fixed,GridFreqLimit1Low,Grid Frequency Limits (Stage 1) Lower Limit (Hz),"Value from Site Configuration Grid/Grid Protection/Grid Protection Parameters. Sets the upper and lower grid frequency thresholds. If grid frequency goes outside this range, the inverter will disconnect from the grid to protect the system and comply with grid safety standards. Data code: 40104.GridFreqLimit1Low",uint16,N/A,GridProtection,,Level of Detail: Complete; Equipment: Inverter; Component: Grid; Type of Data: Settings; Feature: Grid Protection
ss40k_inverter,40104,GridFreqLimit1LowTime,fixed,GridFreqLimit1LowTime,Grid Frequency Trip Time (Stage 1) Low Frequency Trip Delay (s),Value from Site Configuration Grid/Grid Protection/Grid Protection Parameters. Defines how long the grid frequency must remain below the lower limit or above the upper limit (Stage 1) before the inverter disconnects from the grid. Data code: 40104.GridFreqLimit1LowTime,uint16,N/A,GridProtection,,Level of Detail: Complete; Equipment: Inverter; Component: Grid; Type of Data: Settings; Feature: Grid Protection
ss40k_inverter,40104,GridFreqLimit1High,fixed,GridFreqLimit1High,Grid Frequency Limits (Stage 1) Upper Limit (Hz),"Value from Site Configuration Grid/Grid Protection/Grid Protection Parameters. Sets the upper and lower grid frequency thresholds. If grid frequency goes outside this range, the inverter will disconnect from the grid to protect the system and comply with grid safety standards. Data code: 40104.GridFreqLimit1High",uint16,N/A,GridProtection,,Level of Detail: Complete; Equipment: Inverter; Component: Grid; Type of Data: Settings; Feature: Grid Protection
ss40k_inverter,40104,GridFreqLimit1HighTime,fixed,GridFreqLimit1HighTime,Grid Frequency Trip Time (Stage 1) High Frequency Trip Delay (s),Value from Site Configuration Grid/Grid Protection/Grid Protection Parameters. Defines how long the grid frequency must remain below the lower limit or above the upper limit (Stage 1) before the inverter disconnects from the grid. Data code: 40104.GridFreqLimit1HighTime,uint16,N/A,GridProtection,,Level of Detail: Complete; Equipment: Inverter; Component: Grid; Type of Data: Settings; Feature: Grid Protection
ss40k_inverter,40104,GridFreqLimit2Low,fixed,GridFreqLimit2Low,Grid Frequency Limits (Stage 2) Lower Limit (Hz),"Value from Site Configuration Grid/Grid Protection/Grid Protection Parameters. Sets the upper and lower grid frequency thresholds. If grid frequency goes outside this range, the inverter will disconnect from the grid to protect the system and comply with grid safety standards. Data code: 40104.GridFreqLimit2Low",uint16,N/A,GridProtection,,Level of Detail: Complete; Equipment: Inverter; Component: Grid; Type of Data: Settings; Feature: Grid Protection
ss40k_inverter,40104,GridFreqLimit2LowTime,fixed,GridFreqLimit2LowTime,Grid Frequency Trip Time (Stage 2) Low Frequency Trip Delay (s),Value from Site Configuration Grid/Grid Protection/Grid Protection Parameters. Defines how long the grid frequency must remain below the lower limit or above the upper limit (Stage 2) before the inverter disconnects from the grid. Data code: 40104.GridFreqLimit2LowTime,uint16,N/A,GridProtection,,Level of Detail: Complete; Equipment: Inverter; Component: Grid; Type of Data: Settings; Feature: Grid Protection
ss40k_inverter,40104,GridFreqLimit2High,fixed,GridFreqLimit2High,Grid Frequency Limits (Stage 2) Upper Limit (Hz),"Value from Site Configuration Grid/Grid Protection/Grid Protection Parameters. Sets the upper and lower grid frequency thresholds. If grid frequency goes outside this range, the inverter will disconnect from the grid to protect the system and comply with grid safety standards. Data code: 40104.GridFreqLimit2High",uint16,N/A,GridProtection,,Level of Detail: Complete; Equipment: Inverter; Component: Grid; Type of Data: Settings; Feature: Grid Protection
ss40k_inverter,40104,GridFreqLimit2HighTime,fixed,GridFreqLimit2HighTime,Grid Frequency Trip Time (Stage 2) High Frequency Trip Delay (s),Value from Site Configuration Grid/Grid Protection/Grid Protection Parameters. Defines how long the grid frequency must remain below the lower limit or above the upper limit (Stage 2) before the inverter disconnects from the grid. Data code: 40104.GridFreqLimit2HighTime,uint16,N/A,GridProtection,,Level of Detail: Complete; Equipment: Inverter; Component: Grid; Type of Data: Settings; Feature: Grid Protection
ss40k_inverter,40104,GridFreqLimit3Low,fixed,GridFreqLimit3Low,Grid Frequency Limits (Stage 3) Lower Limit (Hz),"Value from Site Configuration Grid/Grid Protection/Grid Protection Parameters. Sets the upper and lower grid frequency thresholds. If grid frequency goes outside this range, the inverter will disconnect from the grid to protect the system and comply with grid safety standards. Data code: 40104.GridFreqLimit3Low",uint16,N/A,GridProtection,,Level of Detail: Complete; Equipment: Inverter; Component: Grid; Type of Data: Settings; Feature: Grid Protection
ss40k_inverter,40104,GridFreqLimit3LowTime,fixed,GridFreqLimit3LowTime,Grid Frequency Trip Time (Stage 3) Low Frequency Trip Delay (s),Value from Site Configuration Grid/Grid Protection/Grid Protection Parameters. Defines how long the grid frequency must remain below the lower limit or above the upper limit (Stage 3) before the inverter disconnects from the grid. Data code: 40104.GridFreqLimit3LowTime,uint16,N/A,GridProtection,,Level of Detail: Complete; Equipment: Inverter; Component: Grid; Type of Data: Settings; Feature: Grid Protection
ss40k_inverter,40104,GridFreqLimit3High,fixed,GridFreqLimit3High,Grid Frequency Limits (Stage 3) Upper Limit (Hz),"Value from Site Configuration Grid/Grid Protection/Grid Protection Parameters. Sets the upper and lower grid frequency thresholds. If grid frequency goes outside this range, the inverter will disconnect from the grid to protect the system and comply with grid safety standards. Data code: 40104.GridFreqLimit3High",uint16,N/A,GridProtection,,Level of Detail: Complete; Equipment: Inverter; Component: Grid; Type of Data: Settings; Feature: Grid Protection
ss40k_inverter,40104,GridFreqLimit3HighTime,fixed,GridFreqLimit3HighTime,Grid Frequency Trip Time (Stage 3) High Frequency Trip Delay (s),Value from Site Configuration Grid/Grid Protection/Grid Protection Parameters. Defines how long the grid frequency must remain below the lower limit or above the upper limit (Stage 3) before the inverter disconnects from the grid. Data code: 40104.GridFreqLimit3HighTime,uint16,N/A,GridProtection,,Level of Detail: Complete; Equipment: Inverter; Component: Grid; Type of Data: Settings; Feature: Grid Protection
ss40k_inverter,40104,reserved11,fixed,reserved11,reserved11,Reserved Data code: 40104.reserved11,string,string,GridProtection,,
ss40k_inverter,40104,ConstantPowerFactorModeStatus,fixed,ConstantPowerFactorModeStatus,Power Factor Mode,Value from Site Configuration Grid/Grid Support/Constant Power Factor. Shows whether constant power-factor control is active. Data code: 40104.ConstantPowerFactorModeStatus,enum16,N/A,ConstantPowerFactorMode,"{0: 'disable', 1: 'enable'}",Level of Detail: Complete; Equipment: Inverter; Component: Grid; Type of Data: Settings; Type of Data: Status; Feature: Grid Support
ss40k_inverter,40104,ConstantPowerFactorExcited,fixed,ConstantPowerFactorExcited,Power Factor Setpoint Excitation,Value from Site Configuration Grid/Grid Support/Constant Power Factor. The target power factor and excitation. Under-excited = lagging (absorbing vars); Over-excited = leading (supplying vars). Data code: 40104.ConstantPowerFactorExcited,enum16,N/A,ConstantPowerFactorMode,"{0: 'Under-excited', 1: 'Over-excited', 2: 'Unknown'}",Level of Detail: Complete; Equipment: Inverter; Component: Grid; Type of Data: Settings; Type of Data: Status; Feature: Grid Support
ss40k_inverter,40104,ConstantPowerFactor,fixed,ConstantPowerFactor,Power Factor Setpoint Power Factor (PF),Value from Site Configuration Grid/Grid Support/Constant Power Factor. The target power factor and excitation. Under-excited = lagging (absorbing vars); Over-excited = leading (supplying vars). Data code: 40104.ConstantPowerFactor,int16,N/A,ConstantPowerFactorMode,,Level of Detail: Complete; Equipment: Inverter; Component: Grid; Type of Data: Settings; Feature: Grid Support
ss40k_inverter,40104,reserved12,fixed,reserved12,reserved12,Reserved Data code: 40104.reserved12,string,string,ConstantPowerFactorMode,,
ss40k_inverter,40104,ConstantReactivePowerModeStatus,fixed,ConstantReactivePowerModeStatus,Reactive Power Mode Status,Value from Site Configuration Grid/Grid Support/Constant Reactive Power. Shows whether constant reactive-power control is active. Data code: 40104.ConstantReactivePowerModeStatus,enum16,N/A,ConstantReactivePowerMode,"{0: 'disable', 1: 'enable'}",Level of Detail: Complete; Equipment: Inverter; Component: Grid; Type of Data: Settings; Type of Data: Status; Feature: Grid Support
ss40k_inverter,40104,ConstantReactivePowerModeExcited,fixed,ConstantReactivePowerModeExcited,Reactive Power Mode Excitation,Value from Site Configuration Grid/Grid Support/Constant Reactive Power. Shows whether constant reactive-power control is active. Data code: 40104.ConstantReactivePowerModeExcited,enum16,N/A,ConstantReactivePowerMode,"{0: 'Under-excited', 1: 'Over-excited', 2: 'Unknown'}",Level of Detail: Complete; Equipment: Inverter; Component: Grid; Type of Data: Settings; Type of Data: Status; Feature: Grid Support
ss40k_inverter,40104,ReactivePowerPercentCMD,fixed,ReactivePowerPercentCMD,Reactive Power Setpoint,Value from Site Configuration Grid/Grid Support/Constant Reactive Power. Displays the reactive-power target as a percentage of rated power (vars). Excitation determines whether vars are supplied (leading) or absorbed (lagging). Data code: 40104.ReactivePowerPercentCMD,uint16,N/A,ConstantReactivePowerMode,,Level of Detail: Complete; Equipment: Inverter; Component: Grid; Type of Data: Settings; Feature: Grid Support
ss40k_inverter,40104,reserved13,fixed,reserved13,reserved13,Reserved Data code: 40104.reserved13,string,string,ConstantReactivePowerMode,,
ss40k_inverter,40104,VoltageReactivePowerMode,fixed,VoltageReactivePowerMode,Volt-VAR Mode,Value from Site Configuration Grid/Grid Support/Volt-VAR (Voltage-Reactive Power). Shows whether Volt-VAR (voltage-reactive power) control is active. This value is read-only and reflects the current configuration or utility command. Data code: 40104.VoltageReactivePowerMode,enum16,N/A,VoltageReactivePowerMode,"{0: 'disable', 1: 'enable'}",Level of Detail: Complete; Equipment: Inverter; Component: Grid; Type of Data: Settings; Type of Data: Status; Feature: Grid Support
ss40k_inverter,40104,AutonomousVrefAdjustment,fixed,AutonomousVrefAdjustment,Autonomous Vref Adjustment,Value from Site Configuration Grid/Grid Support/Volt-VAR (Voltage-Reactive Power). Indicates whether the inverter autonomously adjusts its reference voltage (Vref). Data code: 40104.AutonomousVrefAdjustment,enum16,N/A,VoltageReactivePowerMode,"{0: 'disable', 1: 'enable'}",Level of Detail: Complete; Equipment: Inverter; Component: Grid; Type of Data: Settings; Type of Data: Status; Feature: Grid Support
ss40k_inverter,40104,Verf,fixed,Verf,Reference Voltage (Vref),Value from Site Configuration Grid/Grid Support/Volt-VAR (Voltage-Reactive Power). Voltage reference used for Volt-VAR calculations. Data code: 40104.Verf,uint16,N/A,VoltageReactivePowerMode,,Level of Detail: Complete; Equipment: Inverter; Component: Grid; Type of Data: Settings; Feature: Grid Support
ss40k_inverter,40104,VrefAdjustmentTimeConstant,fixed,VrefAdjustmentTimeConstant,Vref Adjustment Time Constant,Value from Site Configuration Grid/Grid Support/Volt-VAR (Voltage-Reactive Power). Time constant applied when adjusting Vref. Data code: 40104.VrefAdjustmentTimeConstant,uint16,N/A,VoltageReactivePowerMode,,Level of Detail: Complete; Equipment: Inverter; Component: Grid; Type of Data: Settings; Feature: Grid Support
ss40k_inverter,40104,UnderOverV1,fixed,UnderOverV1,Volt-VAR Voltage Breakpoints V1 (Voltage Point 1),Value from Site Configuration Grid/Grid Support/Volt-VAR (Voltage-Reactive Power). Voltage points (V1-V4) that define the Volt-VAR curve breakpoints. Data code: 40104.UnderOverV1,uint16,N/A,VoltageReactivePowerMode,,Level of Detail: Complete; Equipment: Inverter; Component: Grid; Type of Data: Settings; Feature: Grid Support
ss40k_inverter,40104,UnderOverV2,fixed,UnderOverV2,Volt-VAR Voltage Breakpoints V2 (Voltage Point 2),Value from Site Configuration Grid/Grid Support/Volt-VAR (Voltage-Reactive Power). Voltage points (V1-V4) that define the Volt-VAR curve breakpoints. Data code: 40104.UnderOverV2,uint16,N/A,VoltageReactivePowerMode,,Level of Detail: Complete; Equipment: Inverter; Component: Grid; Type of Data: Settings; Feature: Grid Support
ss40k_inverter,40104,UnderOverV3,fixed,UnderOverV3,Volt-VAR Voltage Breakpoints V3 (Voltage Point 3),Value from Site Configuration Grid/Grid Support/Volt-VAR (Voltage-Reactive Power). Voltage points (V1-V4) that define the Volt-VAR curve breakpoints. Data code: 40104.UnderOverV3,uint16,N/A,VoltageReactivePowerMode,,Level of Detail: Complete; Equipment: Inverter; Component: Grid; Type of Data: Settings; Feature: Grid Support
ss40k_inverter,40104,UnderOverV4,fixed,UnderOverV4,Volt-VAR Voltage Breakpoints V4 (Voltage Point 4),Value from Site Configuration Grid/Grid Support/Volt-VAR (Voltage-Reactive Power). Voltage points (V1-V4) that define the Volt-VAR curve breakpoints. Data code: 40104.UnderOverV4,uint16,N/A,VoltageReactivePowerMode,,Level of Detail: Complete; Equipment: Inverter; Component: Grid; Type of Data: Settings; Feature: Grid Support
ss40k_inverter,40104,Q1,fixed,Q1,Reactive Power Setpoint Q1,Value from Site Configuration Grid/Grid Support/Volt-VAR (Voltage-Reactive Power). Reactive power at voltage point V1 on the Volt-VAR curve. Data code: 40104.Q1,uint16,N/A,VoltageReactivePowerMode,,Level of Detail: Complete; Equipment: Inverter; Component: Grid; Type of Data: Settings; Feature: Grid Support
ss40k_inverter,40104,Q2,fixed,Q2,Reactive Power Setpoint Q2,Value from Site Configuration Grid/Grid Support/Volt-VAR (Voltage-Reactive Power). Reactive power at voltage point V2 on the Volt-VAR curve. Data code: 40104.Q2,uint16,N/A,VoltageReactivePowerMode,,Level of Detail: Complete; Equipment: Inverter; Component: Grid; Type of Data: Settings; Feature: Grid Support
ss40k_inverter,40104,Q3,fixed,Q3,Reactive Power Setpoint Q3,Value from Site Configuration Grid/Grid Support/Volt-VAR (Voltage-Reactive Power). Reactive power at voltage point V3 on the Volt-VAR curve. Data code: 40104.Q3,uint16,N/A,VoltageReactivePowerMode,,Level of Detail: Complete; Equipment: Inverter; Component: Grid; Type of Data: Settings; Feature: Grid Support
ss40k_inverter,40104,Q4,fixed,Q4,Reactive Power Setpoint Q4,Value from Site Configuration Grid/Grid Support/Volt-VAR (Voltage-Reactive Power). Reactive power at voltage point V4 on the Volt-VAR curve. Data code: 40104.Q4,uint16,N/A,VoltageReactivePowerMode,,Level of Detail: Complete; Equipment: Inverter; Component: Grid; Type of Data: Settings; Feature: Grid Support
ss40k_inverter,40104,VqOpenLoopResponseTime,fixed,VqOpenLoopResponseTime,Volt-VAR Open-Loop Response Time,Value from Site Configuration Grid/Grid Support/Volt-VAR (Voltage-Reactive Power). Response time used for open-loop Volt-VAR changes. Data code: 40104.VqOpenLoopResponseTime,uint16,N/A,VoltageReactivePowerMode,,Level of Detail: Complete; Equipment: Inverter; Component: Grid; Type of Data: Settings; Feature: Grid Support
ss40k_inverter,40104,reserved14,fixed,reserved14,reserved14,Reserved Data code: 40104.reserved14,string,string,VoltageReactivePowerMode,,
ss40k_inverter,40104,PQModeStatus,fixed,PQModeStatus,P-Q Mode Status,Value from Site Configuration Grid/Grid Support/P-Q Mode (Active-Reactive Power). Shows whether Active/Reactive Power (P-Q) control mode is enabled. Data code: 40104.PQModeStatus,enum16,N/A,ActivePowerReactivePowerMode,"{0: 'disable', 1: 'enable'}",Level of Detail: Complete; Equipment: Inverter; Component: Grid; Type of Data: Settings; Type of Data: Status; Feature: Grid Support
ss40k_inverter,40104,PQP1,fixed,PQP1,P-Q Curve Points P1 Setpoint,Value from Site Configuration Grid/Grid Support/P-Q Mode (Active-Reactive Power). Breakpoint setpoints for the Active/Reactive Power (P-Q) characteristic. Data code: 40104.PQP1,uint16,N/A,ActivePowerReactivePowerMode,,Level of Detail: Complete; Equipment: Inverter; Component: Grid; Type of Data: Settings; Feature: Grid Support
ss40k_inverter,40104,PQP2,fixed,PQP2,P-Q Curve Points P2 Setpoint,Value from Site Configuration Grid/Grid Support/P-Q Mode (Active-Reactive Power). Breakpoint setpoints for the Active/Reactive Power (P-Q) characteristic. Data code: 40104.PQP2,uint16,N/A,ActivePowerReactivePowerMode,,Level of Detail: Complete; Equipment: Inverter; Component: Grid; Type of Data: Settings; Feature: Grid Support
ss40k_inverter,40104,PQP3,fixed,PQP3,P-Q Curve Points P3 Setpoint,Value from Site Configuration Grid/Grid Support/P-Q Mode (Active-Reactive Power). Breakpoint setpoints for the Active/Reactive Power (P-Q) characteristic. Data code: 40104.PQP3,uint16,N/A,ActivePowerReactivePowerMode,,Level of Detail: Complete; Equipment: Inverter; Component: Grid; Type of Data: Settings; Feature: Grid Support
ss40k_inverter,40104,reserved15,fixed,reserved15,reserved15,Reserved Data code: 40104.reserved15,string,string,ActivePowerReactivePowerMode,,
ss40k_inverter,40104,VoltageActivePowerMode,fixed,VoltageActivePowerMode,Volt-Watt Mode,Value from Site Configuration Grid/Grid Support/Volt-Watt (Voltage-Active Power). Shows whether Volt-Watt (voltage-active power) control is enabled. Data code: 40104.VoltageActivePowerMode,enum16,N/A,VoltageActivePowerMode,"{0: 'disable', 1: 'enable'}",Level of Detail: Complete; Equipment: Inverter; Component: Grid; Type of Data: Settings; Type of Data: Status; Feature: Grid Support
ss40k_inverter,40104,VoltWattV1,fixed,VoltWattV1,Volt-Watt Voltage Breakpoints V1 (Voltage Point 1),Value from Site Configuration Grid/Grid Support/Volt-Watt (Voltage-Active Power). Voltage points that define the Volt-Watt curve. Data code: 40104.VoltWattV1,uint16,N/A,VoltageActivePowerMode,,Level of Detail: Complete; Equipment: Inverter; Component: Grid; Type of Data: Settings; Feature: Grid Support
ss40k_inverter,40104,VoltWattV2,fixed,VoltWattV2,Volt-Watt Voltage Breakpoints V2 (Voltage Point 2),Value from Site Configuration Grid/Grid Support/Volt-Watt (Voltage-Active Power). Voltage points that define the Volt-Watt curve. Data code: 40104.VoltWattV2,uint16,N/A,VoltageActivePowerMode,,Level of Detail: Complete; Equipment: Inverter; Component: Grid; Type of Data: Settings; Feature: Grid Support
ss40k_inverter,40104,VoltWattP2,fixed,VoltWattP2,Volt-Watt Power Setpoint,Value from Site Configuration Grid/Grid Support/Volt-Watt (Voltage-Active Power). Power setpoint at voltage breakpoint V2 on the Volt-Watt curve. Data code: 40104.VoltWattP2,uint16,N/A,VoltageActivePowerMode,,Level of Detail: Complete; Equipment: Inverter; Component: Grid; Type of Data: Settings; Feature: Grid Support
ss40k_inverter,40104,VoltWattOpenLoopResponseTime,fixed,VoltWattOpenLoopResponseTime,Volt-Watt Open-Loop Response Time,Value from Site Configuration Grid/Grid Support/Volt-Watt (Voltage-Active Power). Response time used for open-loop Volt-Watt changes. Data code: 40104.VoltWattOpenLoopResponseTime,uint16,N/A,VoltageActivePowerMode,,Level of Detail: Complete; Equipment: Inverter; Component: Grid; Type of Data: Settings; Feature: Grid Support
ss40k_inverter,40104,reserved16,fixed,reserved16,reserved16,Reserved Data code: 40104.reserved16,string,string,VoltageActivePowerMode,,
ss40k_inverter,40104,FrequencyActivePowerModeStatus,fixed,FrequencyActivePowerModeStatus,Frequency-Active Power Mode,Value from Site Configuration Grid/Grid Support/Freq-Watt (Frequency-Active Power). Indicates whether frequency-power (Freq-Watt) control is currently enabled. Data code: 40104.FrequencyActivePowerModeStatus,enum16,N/A,FrequencyActivePowerMode,"{0: 'disable', 1: 'enable'}",Level of Detail: Complete; Equipment: Inverter; Component: Grid; Type of Data: Settings; Type of Data: Status; Feature: Grid Support
ss40k_inverter,40104,FreqWattOpenLoopResponseTime,fixed,FreqWattOpenLoopResponseTime,Open-Loop Response Time,Value from Site Configuration Grid/Grid Support/Freq-Watt (Frequency-Active Power). Response time applied to open-loop frequency-power adjustments. Data code: 40104.FreqWattOpenLoopResponseTime,uint16,N/A,FrequencyActivePowerMode,,Level of Detail: Complete; Equipment: Inverter; Component: Grid; Type of Data: Settings; Feature: Grid Support
ss40k_inverter,40104,OverFrequencyDroop_dbOF,fixed,OverFrequencyDroop_dbOF,Over-Frequency Droop: Deadband,Value from Site Configuration Grid/Grid Support/Freq-Watt (Frequency-Active Power). Over Frequency Droop dbOF â€” Deadband around nominal frequency before active power reduction begins. Data code: 40104.OverFrequencyDroop_dbOF,uint16,N/A,FrequencyActivePowerMode,,Level of Detail: Complete; Equipment: Inverter; Component: Grid; Type of Data: Settings; Feature: Grid Support
ss40k_inverter,40104,OverFrequencyDroop_kOF,fixed,OverFrequencyDroop_kOF,Over-Frequency Droop: Gain (k),Value from Site Configuration Grid/Grid Support/Freq-Watt (Frequency-Active Power). Over Frequency Droop kOF â€” Slope (gain k) of active power reduction versus frequency rise above nominal. Data code: 40104.OverFrequencyDroop_kOF,uint16,N/A,FrequencyActivePowerMode,,Level of Detail: Complete; Equipment: Inverter; Component: Grid; Type of Data: Settings; Feature: Grid Support
ss40k_inverter,40104,UnderFrequencyDroop_dbUF,fixed,UnderFrequencyDroop_dbUF,Under-Frequency Droop: Deadband,Value from Site Configuration Grid/Grid Support/Freq-Watt (Frequency-Active Power). Under Frequency Droop dbUF â€” Deadband around nominal frequency before active power increase/response begins. Data code: 40104.UnderFrequencyDroop_dbUF,uint16,N/A,FrequencyActivePowerMode,,Level of Detail: Complete; Equipment: Inverter; Component: Grid; Type of Data: Settings; Feature: Grid Support
ss40k_inverter,40104,UnderFrequencyDroop_kUF,fixed,UnderFrequencyDroop_kUF,Under-Frequency Droop: Gain (k),Value from Site Configuration Grid/Grid Support/Freq-Watt (Frequency-Active Power). Under Frequency Droop kUF â€” Slope (gain k) of active power response versus frequency drop below nominal. Data code: 40104.UnderFrequencyDroop_kUF,uint16,N/A,FrequencyActivePowerMode,,Level of Detail: Complete; Equipment: Inverter; Component: Grid; Type of Data: Settings; Feature: Grid Support
ss40k_inverter,40104,reserved17,fixed,reserved17,reserved17,Reserved Data code: 40104.reserved17,string,string,FrequencyActivePowerMode,,
ss40k_inverter,40104,LimitActivePowerStatus,fixed,LimitActivePowerStatus,Limit Power Output,"Value from Site Configuration Inverter/Power Limits. Shows whether power output limiting is currently active. When not limited, the inverter can deliver its full available power (subject only to natural hardware limits). When limited, an external or configured cap is applied to restrict inverter output to the specified Power Limit. Data code: 40104.LimitActivePowerStatus",enum16,N/A,LimitActivePower,"{0: 'disable', 1: 'enable'}",Level of Detail: Complete; Equipment: Inverter; Component: AC Side; Type of Data: Settings; Type of Data: Status; Unit: Power; Feature: Power Limits
ss40k_inverter,40104,ActivePowerPercent,fixed,ActivePowerPercent,Power Limit,"Value from Site Configuration Inverter/Power Limits. The inverter's present active-power output limit as a percentage of its rated capacity. If power limiting is active, the inverter will limit its output power to this percentage of its rated capacity. Data code: 40104.ActivePowerPercent",uint16,%,LimitActivePower,,Level of Detail: Complete; Equipment: Inverter; Component: AC Side; Type of Data: Settings; Unit: Power; Feature: Power Limits
ss40k_inverter,40104,reserved18,fixed,reserved18,reserved18,Reserved Data code: 40104.reserved18,string,string,LimitActivePower,,
ss40k_inverter,40104,FeedInGridStatus,fixed,FeedInGridStatus,Allow Selling Power to Grid,Value from Site Configuration Inverter/Selling Power. Allows the inverter to sell/export power back to the utility grid. Enable this only if local regulations and interconnect agreements permit grid export. Data code: 40104.FeedInGridStatus,enum16,N/A,FeedInGrid,"{0: 'disable,', 1: 'enable'}",Level of Detail: Complete; Equipment: Inverter; Component: AC Side; Type of Data: Settings; Type of Data: Status; Feature: Selling Power
ss40k_inverter,40104,FeedInGridMaxPower,fixed,FeedInGridMaxPower,Max Power Sold to Grid,Value from Site Configuration Inverter/Selling Power. Sets the maximum power the inverter is allowed to sell/export to the grid. Use this to meet utility export limits or site commissioning requirements. Data code: 40104.FeedInGridMaxPower,uint32,W,FeedInGrid,,Level of Detail: Complete; Equipment: Inverter; Component: AC Side; Type of Data: Settings; Unit: Power; Feature: Selling Power
ss40k_inverter,40104,FastzeroExportstatus,fixed,FastzeroExportstatus,Prevent Grid Export: Strict Mode,"Value from Site Configuration Inverter/Selling Power. Keeps power export at or near zero by adjusting inverter output in real time. When enabled, the inverter supplies only local (on-site) loads and will not send power back to the grid. This mode is required when grid export is not allowed. Ensure the CTs are installed on the grid connection point and  not on the inverter's load side, so the inverter can correctly detect and prevent export. Data code: 40104.FastzeroExportstatus",enum16,N/A,FeedInGrid,"{0: 'disable,', 1: 'enable'}",Level of Detail: Complete; Equipment: Inverter; Component: AC Side; Type of Data: Settings; Type of Data: Status; Feature: Selling Power
ss40k_inverter,40104,FeedInGridPowerMaxSetValue,fixed,FeedInGridPowerMaxSetValue,FeedInGridPowerMaxSetValue,FeedInGridPowerMaxSetValue Data code: 40104.FeedInGridPowerMaxSetValue,uint16,W,FeedInGrid,,Level of Detail: Complete; Equipment: Inverter; Component: AC Side; Type of Data: Settings; Unit: Power
ss40k_inverter,40104,reserved19,fixed,reserved19,reserved19,Reserved Data code: 40104.reserved19,string,string,FeedInGrid,,
ss40k_inverter,40104,ACChargeStatus,fixed,ACChargeStatus,Allow Battery Charging from Grid,Value from Site Configuration Battery/Grid Charge. Enables the battery to charge from the utility grid. This value is set on the inverter. Data code: 40104.ACChargeStatus,enum16,N/A,ACCharge,"{0: 'disable', 1: 'enable'}",Level of Detail: Complete; Equipment: Battery; Component: Battery; Type of Data: Settings; Type of Data: Status; Feature: Grid Charge
ss40k_inverter,40104,ACChargePower,fixed,ACChargePower,Grid Charge Power Limit,Value from Site Configuration Battery/Grid Charge. Sets the maximum power the inverter will draw from the grid for charging. This cap applies when Grid Charge is enabled (and within any configured time windows). This value is set on the inverter. Data code: 40104.ACChargePower,uint16,W,ACCharge,,Level of Detail: Complete; Equipment: Battery; Component: Battery; Type of Data: Settings; Unit: Power; Feature: Grid Charge
ss40k_inverter,40104,ACChargeType,fixed,ACChargeType,Grid Charge Control Type,Value from Site Configuration Battery/Grid Charge. Select whether grid charging follows a time schedule or SOC/voltage thresholds. This value is set on the inverter. Data code: 40104.ACChargeType,enum16,N/A,ACCharge,"{0: 'according to time', 1: 'according to SOC/Volt'}",Level of Detail: Complete; Equipment: Battery; Component: Battery; Type of Data: Settings; Type of Data: Status; Feature: Grid Charge
ss40k_inverter,40104,ACChgStartSOC,fixed,ACChgStartSOC,Grid Charge SOC Range Start SOC,Value from Site Configuration Battery/Grid Charge. Defines when grid charging starts and stops based on battery state of charge (SOC). Charging starts when SOC falls below Start SOC and stops when it reaches Stop SOC. This value is set on the inverter. Data code: 40104.ACChgStartSOC,uint16,%,ACCharge,,Level of Detail: Complete; Equipment: Battery; Component: Battery; Type of Data: Settings; Unit: %; Feature: Grid Charge
ss40k_inverter,40104,ACChgStopSOC,fixed,ACChgStopSOC,Grid Charge SOC Range SOC,Value from Site Configuration Battery/Grid Charge. Defines when grid charging starts and stops based on battery state of charge (SOC). Charging starts when SOC falls below Start SOC and stops when it reaches Stop SOC. This value is set on the inverter. Data code: 40104.ACChgStopSOC,uint16,%,ACCharge,,Level of Detail: Complete; Equipment: Battery; Component: Battery; Type of Data: Settings; Unit: %; Feature: Grid Charge
ss40k_inverter,40104,acChgST1,fixed,acChgST1,Grid Charge Windows Window 1 Start Minute,"Value from Site Configuration Battery/Grid Charge. During these times, your battery will continue to charge from solar power normally, but will also use additional power from the grid to charge the battery. This value is set on the inverter. Data code: 40104.acChgST1",bitsplit,bitsplit,ACCharge,"{'0-7': 'Minute', '8-15': 'Hour'}",Level of Detail: Complete; Equipment: Battery; Component: Battery; Type of Data: Settings; Feature: Grid Charge
ss40k_inverter,40104,acChgET1,fixed,acChgET1,Grid Charge Windows Window 1 End Minute,"Value from Site Configuration Battery/Grid Charge. During these times, your battery will continue to charge from solar power normally, but will also use additional power from the grid to charge the battery. This value is set on the inverter. Data code: 40104.acChgET1",bitsplit,bitsplit,ACCharge,"{'0-7': 'Minute', '8-15': 'Hour'}",Level of Detail: Complete; Equipment: Battery; Component: Battery; Type of Data: Settings; Feature: Grid Charge
ss40k_inverter,40104,acChgST2,fixed,acChgST2,Grid Charge Windows Window 2 Start Minute,"Value from Site Configuration Battery/Grid Charge. During these times, your battery will continue to charge from solar power normally, but will also use additional power from the grid to charge the battery. This value is set on the inverter. Data code: 40104.acChgST2",bitsplit,bitsplit,ACCharge,"{'0-7': 'Minute', '8-15': 'Hour'}",Level of Detail: Complete; Equipment: Battery; Component: Battery; Type of Data: Settings; Feature: Grid Charge
ss40k_inverter,40104,acChgET2,fixed,acChgET2,Grid Charge Windows Window 2 End Minute,"Value from Site Configuration Battery/Grid Charge. During these times, your battery will continue to charge from solar power normally, but will also use additional power from the grid to charge the battery. This value is set on the inverter. Data code: 40104.acChgET2",bitsplit,bitsplit,ACCharge,"{'0-7': 'Minute', '8-15': 'Hour'}",Level of Detail: Complete; Equipment: Battery; Component: Battery; Type of Data: Settings; Feature: Grid Charge
ss40k_inverter,40104,acChgST3,fixed,acChgST3,Grid Charge Windows Window 3 Start Minute,"Value from Site Configuration Battery/Grid Charge. During these times, your battery will continue to charge from solar power normally, but will also use additional power from the grid to charge the battery. This value is set on the inverter. Data code: 40104.acChgST3",bitsplit,bitsplit,ACCharge,"{'0-7': 'Minute', '8-15': 'Hour'}",Level of Detail: Complete; Equipment: Battery; Component: Battery; Type of Data: Settings; Feature: Grid Charge
ss40k_inverter,40104,acChgET3,fixed,acChgET3,Grid Charge Windows Window 3 End Minute,"Value from Site Configuration Battery/Grid Charge. During these times, your battery will continue to charge from solar power normally, but will also use additional power from the grid to charge the battery. This value is set on the inverter. Data code: 40104.acChgET3",bitsplit,bitsplit,ACCharge,"{'0-7': 'Minute', '8-15': 'Hour'}",Level of Detail: Complete; Equipment: Battery; Component: Battery; Type of Data: Settings; Feature: Grid Charge
ss40k_inverter,40104,ACChargePowerMaxSetValue,fixed,ACChargePowerMaxSetValue,ACChargePowerMaxSetValue,ACChargePowerMaxSetValue Data code: 40104.ACChargePowerMaxSetValue,uint16,N/A,ACCharge,,Level of Detail: Complete; Equipment: Inverter; Component: AC Side; Type of Data: Settings
ss40k_inverter,40104,reserved20,fixed,reserved20,reserved20,Reserved Data code: 40104.reserved20,string,string,ACCharge,,
ss40k_inverter,40104,OffGridOutput,fixed,OffGridOutput,Off-Grid Output,Value from Site Configuration Backup Power/Backup Power. Controls whether the inverter provides AC output when operating without the utility grid. Disable to prevent output in off-grid mode. Data code: 40104.OffGridOutput,enum16,N/A,BackupPower,"{0: 'disable,', 1: 'enable'}",Level of Detail: Complete; Equipment: Inverter; Component: Backup Power; Component: Backup Power; Type of Data: Settings; Type of Data: Status
ss40k_inverter,40104,EPSVoltage,fixed,EPSVoltage,Backup (EPS) Output Voltage,Value from Site Configuration Backup Power/Backup Power. Selects the AC output voltage when operating in backup (EPS) mode. Match this to your local service voltage for proper compatibility with connected loads. Data code: 40104.EPSVoltage,uint16,N/A,BackupPower,,Level of Detail: Complete; Equipment: Inverter; Component: Backup Power; Component: Backup Power; Type of Data: Settings
ss40k_inverter,40104,reserved21,fixed,reserved21,reserved21,Reserved Data code: 40104.reserved21,string,string,BackupPower,,
ss40k_inverter,40104,LinkedPort,fixed,LinkedPort,Generator Port Connection,"Value from Site Configuration Generator/Generator. If using a generator, select which port it's connected to â€” either the GEN port or the Grid Input port (sometimes called microgrid mode). If no generator is installed, leave this setting on GEN port. Data code: 40104.LinkedPort",enum16,N/A,Generator,"{0: 'MicroGridDisalbe', 1: 'MicroGridEnalbe'}",Level of Detail: Complete; Equipment: Inverter; Component: Generator; Type of Data: Settings; Type of Data: Status
ss40k_inverter,40104,BatteryChargeCurrentLimit,fixed,BatteryChargeCurrentLimit,Battery Charge Current Limit,Value from Site Configuration Generator/Generator. Sets the maximum DC current the inverter will send to the battery when charging from the generator. Data code: 40104.BatteryChargeCurrentLimit,uint32,uint32,Generator,,Level of Detail: Complete; Equipment: Inverter; Component: Generator; Type of Data: Settings
ss40k_inverter,40104,GeneratorRatedPower,fixed,GeneratorRatedPower,Generator Rated Power,Value from Site Configuration Generator/Generator. Specify the generator's continuous rated output power. Data code: 40104.GeneratorRatedPower,uint16,N/A,Generator,,Level of Detail: Complete; Equipment: Inverter; Component: Generator; Type of Data: Settings
ss40k_inverter,40104,GeneratorCoolDownTime,fixed,GeneratorCoolDownTime,Generator Cool-Down Time,Value from Site Configuration Generator/Generator. Sets the time the generator continues running after charging stops to allow for safe cooling. Data code: 40104.GeneratorCoolDownTime,uint16,N/A,Generator,,Level of Detail: Complete; Equipment: Inverter; Component: Generator; Type of Data: Settings
ss40k_inverter,40104,socGenStart,fixed,socGenStart,Generator Start/Stop SOC Start SOC,Value from Site Configuration Generator/Generator. Configures the battery state of charge thresholds for automatic generator control. The generator will start when battery SOC drops to StartSOC and stop when it reaches StopSOC. Data code: 40104.socGenStart,uint16,%,Generator,,Level of Detail: Complete; Equipment: Inverter; Component: Generator; Type of Data: Settings; Unit: %
ss40k_inverter,40104,socGenEnd,fixed,socGenEnd,Generator Start/Stop SOC Stop SOC,Value from Site Configuration Generator/Generator. Configures the battery state of charge thresholds for automatic generator control. The generator will start when battery SOC drops to StartSOC and stop when it reaches StopSOC. Data code: 40104.socGenEnd,uint16,%,Generator,,Level of Detail: Complete; Equipment: Inverter; Component: Generator; Type of Data: Settings; Unit: %
ss40k_inverter,40104,GeneratorBoost,fixed,GeneratorBoost,Generator Boost,Value from Site Configuration Generator/Generator. Enables dynamic adjustment of generator charging power for faster battery recovery when needed. Data code: 40104.GeneratorBoost,enum16,N/A,Generator,"{0: 'Disable', 1: 'Enable'}",Level of Detail: Complete; Equipment: Inverter; Component: Generator; Type of Data: Settings; Type of Data: Status
ss40k_inverter,40104,StartGeneratorExercise,fixed,StartGeneratorExercise,Battery Quick Charge with Generator,Value from Site Configuration Generator/Generator. Start the generator to charge the battery. Data code: 40104.StartGeneratorExercise,enum16,N/A,Generator,"{0: 'Disable', 1: 'Enable'}",Level of Detail: Complete; Equipment: Inverter; Component: Generator; Type of Data: Settings; Type of Data: Status
ss40k_inverter,40104,reserved22,fixed,reserved22,reserved22,Reserved Data code: 40104.reserved22,string,string,Generator,,
ss40k_inverter,40104,ACCoupledPV,fixed,ACCoupledPV,AC Coupled PV,Value from Site Configuration AC Coupled PV/AC Coupled PV. Enable this option when connecting a grid-tied solar inverter (AC Coupled PV) to the system. Disable when no AC Coupled PV is present. Data code: 40104.ACCoupledPV,enum16,N/A,ACCoupledPV,{0: 'Disable'},Level of Detail: Complete; Equipment: Inverter; Component: PV-AC Couple; Type of Data: Settings; Type of Data: Status
ss40k_inverter,40104,socAcCplOn,fixed,socAcCplOn,AC Coupled PV Start SOC,Value from Site Configuration AC Coupled PV/AC Coupled PV. Defines the battery state-of-charge thresholds that control when the inverter allows AC Coupled PV charging to start and stop. Data code: 40104.socAcCplOn,uint16,%,ACCoupledPV,,Level of Detail: Complete; Equipment: Inverter; Component: PV-AC Couple; Type of Data: Settings; Unit: %
ss40k_inverter,40104,socAcCplOff,fixed,socAcCplOff,AC Coupled PV Stop SOC,Value from Site Configuration AC Coupled PV/AC Coupled PV. Defines the battery state-of-charge thresholds that control when the inverter allows AC Coupled PV charging to start and stop. Data code: 40104.socAcCplOff,uint16,%,ACCoupledPV,,Level of Detail: Complete; Equipment: Inverter; Component: PV-AC Couple; Type of Data: Settings; Unit: %
ss40k_inverter,40104,reserved23,fixed,reserved23,reserved23,Reserved Data code: 40104.reserved23,string,string,ACCoupledPV,,
ss40k_inverter,40104,SmartLoad,fixed,SmartLoad,Use Smart Load,Value from Site Configuration Smart Load/Smart Load. Powers non-essential loads only when excess solar or battery energy is available. Enable this to automatically use surplus energy for optional circuits. Data code: 40104.SmartLoad,enum16,N/A,LoadShedding,{0: 'Disable'},Level of Detail: Complete; Equipment: Inverter; Component: Smart Load; Component: Smart Load; Type of Data: Settings; Type of Data: Status
ss40k_inverter,40104,OnGridAlwaysOn,fixed,OnGridAlwaysOn,Smart Load On-Grid Behavior,"Value from Site Configuration Smart Load/Smart Load. Determines Smart Load behavior while the system is connected to the grid. When enabled, the Smart Load remains powered even if normal control conditions are not met. (AKA: **On-Grid Always On**.) Data code: 40104.OnGridAlwaysOn",enum16,N/A,LoadShedding,"{0: 'disable,', 1: 'enable'}",Level of Detail: Complete; Equipment: Inverter; Component: Smart Load; Component: Smart Load; Type of Data: Settings; Type of Data: Status
ss40k_inverter,40104,StartPVPower,fixed,StartPVPower,Smart Load Start Power,Value from Site Configuration Smart Load/Smart Load. Defines when the Smart Load turns on. The Smart Load port is energized once PV power exceeds this threshold **and** the battery SOC is above the start limit. Data code: 40104.StartPVPower,uint32,uint32,LoadShedding,,Level of Detail: Complete; Equipment: Inverter; Component: Smart Load; Component: Smart Load; Type of Data: Settings
ss40k_inverter,40104,SmartLoadOnSoc,fixed,SmartLoadOnSoc,Smart Load Start SOC,Value from Site Configuration Smart Load/Smart Load. Defines the battery state-of-charge limits that control the Smart Load. The Smart Load turns on when SOC rises above the start limit **and** PV power exceeds the start power limit.  Smart load turns off when SOC falls below the stop limit. Data code: 40104.SmartLoadOnSoc,uint16,%,LoadShedding,,Level of Detail: Complete; Equipment: Inverter; Component: Smart Load; Component: Smart Load; Type of Data: Settings; Unit: %
ss40k_inverter,40104,SmartLoadOffSoc,fixed,SmartLoadOffSoc,Smart Load Stopp SOC,Value from Site Configuration Smart Load/Smart Load. Defines the battery state-of-charge limits that control the Smart Load. The Smart Load turns on when SOC rises above the start limit **and** PV power exceeds the start power limit.  Smart load turns off when SOC falls below the stop limit. Data code: 40104.SmartLoadOffSoc,uint16,%,LoadShedding,,Level of Detail: Complete; Equipment: Inverter; Component: Smart Load; Component: Smart Load; Type of Data: Settings; Unit: %
ss40k_inverter,40104,reserved24,fixed,reserved24,reserved24,Reserved Data code: 40104.reserved24,string,string,LoadShedding,,
ss40k_inverter,40104,ModbusAddr,fixed,ModbusAddr,Parallel unit ID,"Value from Site Configuration Inverter/Parallel. The Unit ID (also known as the unit ID, slave ID, or node ID) for this inverter. The primary inverter should use address 1, and any secondary inverters should use 2 or higher. This sets the modbus address that inverters use to communicate with each other. Each inverter that communicates on the same Modbus communication line must have a unique address, but addresses do not need to be globally unique across separate, unconnected systems. Data code: 40104.ModbusAddr",uint16,N/A,Parallel,,Level of Detail: Complete; Equipment: Inverter; Component: AC Side; Type of Data: Settings; Feature: Parallel
ss40k_inverter,40104,SystemType,fixed,SystemType,System Type,"Value from Site Configuration Inverter/Parallel. Defines how this inverter participates in a multi-inverter or multi-phase system. - No Parallel: Single inverter system.
- Single-phase Parallel (Master / Secondary): Multiple inverters on one phase.
- Three-phase Parallel (Master): Multiple inverters forming R/S/T phases. Data code: 40104.SystemType",enum16,N/A,Parallel,"{0: 'no parallel (single one)', 2: 'Secondary', 3: 'Three phase parallel(Master)', 4: '2*208(Master)'}",Level of Detail: Complete; Equipment: Inverter; Component: AC Side; Type of Data: Settings; Type of Data: Status; Feature: Parallel
ss40k_inverter,40104,ComposedPhase,fixed,ComposedPhase,Assigned Phase,"Value from Site Configuration Inverter/Parallel. Selects which output phase this inverter is responsible for in a three-phase system. R, S, and T correspond to L1, L2, and L3. Data code: 40104.ComposedPhase",enum16,N/A,Parallel,"{1: 'R', 2: 'S', 3: 'T'}",Level of Detail: Complete; Equipment: Inverter; Component: AC Side; Type of Data: Settings; Type of Data: Status; Feature: Parallel
ss40k_inverter,40104,DetectedGridPhases,fixed,DetectedGridPhases,Detected Grid Phases,Value from Site Configuration Inverter/Parallel. Attribute in Parallel cluster Data code: 40104.DetectedGridPhases,enum16,N/A,Parallel,"{0: 'None', 1: 'R', 2: 'S', 3: 'T'}",Level of Detail: Complete; Equipment: Inverter; Component: AC Side; Type of Data: Settings; Type of Data: Status; Feature: Parallel
ss40k_inverter,40104,ShareBatteryStatus,fixed,ShareBatteryStatus,Share Battery,Value from Site Configuration Inverter/Parallel. Allows inverters in a parallel group to use a common battery bank instead of keeping batteries isolated per inverter. Data code: 40104.ShareBatteryStatus,enum16,N/A,Parallel,"{0: 'Battery connect parallel', 1: 'Battery connect independence'}",Level of Detail: Complete; Equipment: Inverter; Component: AC Side; Type of Data: Settings; Type of Data: Status; Feature: Parallel
ss40k_inverter,40104,ParallelNum,fixed,ParallelNum,Inverters in parallel,Value from Site Configuration Inverter/Parallel. Total number of inverters detected in this parallel system. Data code: 40104.ParallelNum,uint16,N/A,Parallel,,Level of Detail: Complete; Equipment: Inverter; Component: AC Side; Type of Data: Settings; Feature: Parallel
ss40k_inverter,40104,Role,fixed,Role,Inverter Role,Value from Site Configuration Inverter/Parallel. Reports whether this inverter is acting as Primary (sometimes called the Master) or Secondary in the current parallel configuration. Data code: 40104.Role,enum16,N/A,Parallel,,Level of Detail: Complete; Equipment: Inverter; Component: AC Side; Type of Data: Settings; Type of Data: Status; Feature: Parallel
ss40k_inverter,40104,ParallelPhase,fixed,ParallelPhase,Reported Phase,Value from Site Configuration Inverter/Parallel. Reports which phase (R / S / T) this inverter is currently serving in the parallel system. Data code: 40104.ParallelPhase,enum16,N/A,Parallel,"{1: 'R', 2: 'S', 3: 'T'}",Level of Detail: Complete; Equipment: Inverter; Component: AC Side; Type of Data: Settings; Type of Data: Status; Feature: Parallel
ss40k_inverter,40104,reserved25,fixed,reserved25,reserved25,Reserved Data code: 40104.reserved25,string,string,Parallel,,
ss40k_inverter,40104,A_SF,fixed,A_SF,A_SF,A_SF Data code: 40104.A_SF,sunssf,sunssf,Scale Factors,,
ss40k_inverter,40104,V_SF,fixed,V_SF,V_SF,V_SF Data code: 40104.V_SF,sunssf,sunssf,Scale Factors,,
ss40k_inverter,40104,W_SF,fixed,W_SF,W_SF,W_SF Data code: 40104.W_SF,sunssf,sunssf,Scale Factors,,
ss40k_inverter,40104,KW_SF,fixed,KW_SF,KW_SF,KW_SF Data code: 40104.KW_SF,sunssf,sunssf,Scale Factors,,
ss40k_inverter,40104,PF_SF,fixed,PF_SF,PF_SF,PF_SF Data code: 40104.PF_SF,sunssf,sunssf,Scale Factors,,
ss40k_inverter,40104,Hz1_SF,fixed,Hz1_SF,Hz1_SF,Hz1_SF Data code: 40104.Hz1_SF,sunssf,sunssf,Scale Factors,,
ss40k_inverter,40104,Hz2_SF,fixed,Hz2_SF,Hz2_SF,Hz2_SF Data code: 40104.Hz2_SF,sunssf,sunssf,Scale Factors,,
ss40k_inverter,40104,Time_SF,fixed,Time_SF,Time_SF,Time_SF Data code: 40104.Time_SF,sunssf,sunssf,Scale Factors,,
ss40k_inverter,40104,Time1_SF,fixed,Time1_SF,Time1_SF,Time1_SF Data code: 40104.Time1_SF,sunssf,sunssf,Scale Factors,,
ss40k_inverter,40104,Time2_SF,fixed,Time2_SF,Time2_SF,Time2_SF Data code: 40104.Time2_SF,sunssf,sunssf,Scale Factors,,
ss40k_inverter,40104,Resistance_SF,fixed,Resistance_SF,Resistance_SF,Resistance_SF Data code: 40104.Resistance_SF,sunssf,sunssf,Scale Factors,,
ss40k_inverter,40104,Ah_SF,fixed,Ah_SF,Ah_SF,Ah_SF Data code: 40104.Ah_SF,sunssf,sunssf,Scale Factors,,
ss40k_inverter,40104,Droop1_SF,fixed,Droop1_SF,Droop1_SF,Droop1_SF Data code: 40104.Droop1_SF,sunssf,sunssf,Scale Factors,,
ss40k_inverter,40104,Droop2_SF,fixed,Droop2_SF,Droop2_SF,Droop2_SF Data code: 40104.Droop2_SF,sunssf,sunssf,Scale Factors,,
ss40k_inverter,40104,Percentage1_SF,fixed,Percentage1_SF,Percentage1_SF,Percentage1_SF Data code: 40104.Percentage1_SF,sunssf,sunssf,Scale Factors,,
ss40k_inverter,40104,Percentage2_SF,fixed,Percentage2_SF,Percentage2_SF,Percentage2_SF Data code: 40104.Percentage2_SF,sunssf,sunssf,Scale Factors,,
ss40k_inverter,40104,Percentage3_SF,fixed,Percentage3_SF,Percentage3_SF,Percentage3_SF Data code: 40104.Percentage3_SF,sunssf,sunssf,Scale Factors,,
ss40k_inverter,40104,reserved26,fixed,reserved26,reserved26,Reserved Data code: 40104.reserved26,string,string,Scale Factors,,
ss40k_envyspecific,40200,ID,fixed,ID,ID,ID,uint16,N/A,General,,
ss40k_envyspecific,40200,L,fixed,L,L,L,uint16,N/A,General,,
ss40k_envyspecific,40200,siteID,fixed,siteID,siteID,siteID,uint32,N/A,Site information,,
ss40k_envyspecific,40200,reserved1,fixed,reserved1,Reserved,Reserved,string,N/A,Site information,,
ss40k_envyspecific,40200,SN,fixed,SN,Device Serial number,Device Serial number,string,N/A,PCS information,,
ss40k_envyspecific,40200,vPvDcBus,fixed,vPvDcBus,PV DC bus Voltage,PV DC bus Voltage,uint16,V,PCS information,,
ss40k_envyspecific,40200,vBatDcBus,fixed,vBatDcBus,Battery DC bus Voltage,Battery DC bus Voltage,uint16,V,PCS information,,
ss40k_envyspecific,40200,vBusP,fixed,vBusP,PV DC bus P voltage,PV DC bus P voltage,uint16,V,PCS information,,
ss40k_envyspecific,40200,vBusN,fixed,vBusN,PV DC bus N voltage,PV DC bus N voltage,uint16,V,PCS information,,
ss40k_envyspecific,40200,intFault,fixed,intFault,internalFault,internalFault,uint16,N/A,PCS information,,
ss40k_envyspecific,40200,ocpCnt,fixed,ocpCnt,OCP Cnt,OCP Cnt,uint16,N/A,PCS information,,
ss40k_envyspecific,40200,GridOnOffcnt,fixed,GridOnOffcnt,Grid OnOff Cnt,Grid OnOff Cnt,uint16,N/A,PCS information,,
ss40k_envyspecific,40200,invMode,fixed,invMode,Inverter Mode,Inverter Mode,uint16,N/A,PCS information,,
ss40k_envyspecific,40200,acInputType,fixed,acInputType,AC Input Type,AC Input Type,enum16,N/A,PCS information,"{'0': 'Grid', '1': 'Generator'}",
ss40k_envyspecific,40200,reserved2,fixed,reserved2,Reserved,Reserved,string,N/A,PCS information,,
ss40k_envyspecific,40200,reserved3,fixed,reserved3,Reserved,Reserved,string,N/A,DC-PV,,
ss40k_envyspecific,40200,nBatPar,fixed,nBatPar,Number of batteries in parallel,Number of batteries in parallel,uint16,N/A,Battery,,
ss40k_envyspecific,40200,iBatBms,fixed,iBatBms,BatCurrent_BMS,BatCurrent_BMS,int32,A,Battery,,
ss40k_envyspecific,40200,vBatBms,fixed,vBatBms,BatVoltage_BMS,BatVoltage_BMS,uint16,V,Battery,,
ss40k_envyspecific,40200,batStat,fixed,batStat,BatStatus,BatStatus,enum16,N/A,Battery,"{'0': 'BMS Discharge: Forbidden, BMS Charge: Forbidden', '1': 'BMS Discharge: Forbidden, BMS Charge:  Allowed', '2': 'BMS Discharge: Allowed, BMS Charge: Forbidden', '3': 'BMS Discharge: Allowed,BMS Charge: Allowed'}",
ss40k_envyspecific,40200,cyclesBat,fixed,cyclesBat,Battery cycles times,Battery cycles times,uint16,N/A,Battery,,
ss40k_envyspecific,40200,vBatChgRecBms,fixed,vBatChgRecBms,Recommends charging voltage by BMS,Recommends charging voltage by BMS,uint16,V,Battery,,
ss40k_envyspecific,40200,vBatDischCutRecBms,fixed,vBatDischCutRecBms,Recommends a discharging cut-off voltage by BMS,Recommends a discharging cut-off voltage by BMS,uint16,V,Battery,,
ss40k_envyspecific,40200,iBatDischgMaxBms,fixed,iBatDischgMaxBms,max Batttery discharge Current,max Batttery discharge Current,uint32,A,Battery,,
ss40k_envyspecific,40200,iBatChgMaxBms,fixed,iBatChgMaxBms,max Battery charge Current,max Battery charge Current,uint32,A,Battery,,
ss40k_envyspecific,40200,reserved8,fixed,reserved8,Reserved,Reserved,string,N/A,Battery,,
ss40k_envyspecific,40200,BMSEvent1,fixed,BMSEvent1,FaultCode_BMS,FaultCode_BMS,uint16,N/A,Battery,,
ss40k_envyspecific,40200,BMSEvent2,fixed,BMSEvent2,WarningCode_BMS,WarningCode_BMS,uint16,N/A,Battery,,
ss40k_envyspecific,40200,batStatus0,fixed,batStatus0,BatStatus0_BMS,BatStatus0_BMS,uint16,N/A,Battery,,
ss40k_envyspecific,40200,batStatus1,fixed,batStatus1,BatStatus1_BMS,BatStatus1_BMS,uint16,N/A,Battery,,
ss40k_envyspecific,40200,batStatus2,fixed,batStatus2,BatStatus2_BMS,BatStatus2_BMS,uint16,N/A,Battery,,
ss40k_envyspecific,40200,batStatus3,fixed,batStatus3,BatStatus3_BMS,BatStatus3_BMS,uint16,N/A,Battery,,
ss40k_envyspecific,40200,batStatus4,fixed,batStatus4,BatStatus4_BMS,BatStatus4_BMS,uint16,N/A,Battery,,
ss40k_envyspecific,40200,batStatus5,fixed,batStatus5,BatStatus5_BMS,BatStatus5_BMS,uint16,N/A,Battery,,
ss40k_envyspecific,40200,batStatus6,fixed,batStatus6,BatStatus6_BMS,BatStatus6_BMS,uint16,N/A,Battery,,
ss40k_envyspecific,40200,batStatus7,fixed,batStatus7,BatStatus7_BMS,BatStatus7_BMS,uint16,N/A,Battery,,
ss40k_envyspecific,40200,batStatus8,fixed,batStatus8,BatStatus8_BMS,BatStatus8_BMS,uint16,N/A,Battery,,
ss40k_envyspecific,40200,batStatus9,fixed,batStatus9,BatStatus9_BMS,BatStatus9_BMS,uint16,N/A,Battery,,
ss40k_envyspecific,40200,reserved4,fixed,reserved4,Reserved,Reserved,string,N/A,Battery,,
ss40k_envyspecific,40200,reserved5,fixed,reserved5,Reserved,Reserved,string,N/A,Inverter,,
ss40k_envyspecific,40200,reserved6,fixed,reserved6,Reserved,Reserved,string,N/A,Backup,,
ss40k_envyspecific,40200,Vacs,fixed,Vacs,debug data,debug data,uint16,V,Backup,,
ss40k_envyspecific,40200,Vepss,fixed,Vepss,debug data,debug data,uint16,V,Backup,,
ss40k_envyspecific,40200,Vepst,fixed,Vepst,debug data,debug data,uint16,V,Backup,,
ss40k_envyspecific,40200,BMSFWUpdateState,fixed,BMSFWUpdateState,debug data,debug data,enum16,N/A,Backup,"{'1': 'Upgrade in process', '2': 'Upgrade successful', '3': 'Upgrade failed'}",
ss40k_envyspecific,40200,afciCurrCh1_mA,fixed,afciCurrCh1_mA,debug data,debug data,uint16,mA,Backup,,
ss40k_envyspecific,40200,afciCurrCh2_mA,fixed,afciCurrCh2_mA,debug data,debug data,uint16,mA,Backup,,
ss40k_envyspecific,40200,afciCurrCh3_mA,fixed,afciCurrCh3_mA,debug data,debug data,uint16,mA,Backup,,
ss40k_envyspecific,40200,afciCurrCh4_mA,fixed,afciCurrCh4_mA,debug data,debug data,uint16,mA,Backup,,
ss40k_envyspecific,40200,afciFlag,fixed,afciFlag,debug data,debug data,uint16,N/A,Backup,,
ss40k_envyspecific,40200,afciArcCh1,fixed,afciArcCh1,debug data,debug data,uint16,N/A,Backup,,
ss40k_envyspecific,40200,afciArcCh2,fixed,afciArcCh2,debug data,debug data,uint16,N/A,Backup,,
ss40k_envyspecific,40200,afciArcCh3,fixed,afciArcCh3,debug data,debug data,uint16,N/A,Backup,,
ss40k_envyspecific,40200,afciArcCh4,fixed,afciArcCh4,debug data,debug data,uint16,N/A,Backup,,
ss40k_envyspecific,40200,afciMaxArcCh1,fixed,afciMaxArcCh1,debug data,debug data,uint16,N/A,Backup,,
ss40k_envyspecific,40200,afciMaxArcCh2,fixed,afciMaxArcCh2,debug data,debug data,uint16,N/A,Backup,,
ss40k_envyspecific,40200,afciMaxArcCh3,fixed,afciMaxArcCh3,debug data,debug data,uint16,N/A,Backup,,
ss40k_envyspecific,40200,afciMaxArcCh4,fixed,afciMaxArcCh4,debug data,debug data,uint16,N/A,Backup,,
ss40k_envyspecific,40200,reserved8,fixed,reserved8,Reserved,Reserved,string,N/A,Backup,,
ss40k_envyspecific,40200,A_SF,fixed,A_SF,A_SF,A_SF,sunssf,N/A,Scale Factors,,
ss40k_envyspecific,40200,V_SF,fixed,V_SF,V_SF,V_SF,sunssf,N/A,Scale Factors,,
ss40k_envyspecific,40200,Vcell_SF,fixed,Vcell_SF,Vcell_SF,Vcell_SF,sunssf,N/A,Scale Factors,,
ss40k_envyspecific,40200,Hz_SF,fixed,Hz_SF,Hz_SF,Hz_SF,sunssf,N/A,Scale Factors,,
ss40k_envyspecific,40200,W_SF,fixed,W_SF,W_SF,W_SF,sunssf,N/A,Scale Factors,,
ss40k_envyspecific,40200,PF_SF,fixed,PF_SF,PF_SF,PF_SF,sunssf,N/A,Scale Factors,,
ss40k_envyspecific,40200,VA_SF,fixed,VA_SF,VA_SF,VA_SF,sunssf,N/A,Scale Factors,,
ss40k_envyspecific,40200,Var_SF,fixed,Var_SF,Var_SF,Var_SF,sunssf,N/A,Scale Factors,,
ss40k_envyspecific,40200,Tmp_SF,fixed,Tmp_SF,Tmp_SF,Tmp_SF,sunssf,N/A,Scale Factors,,
ss40k_envyspecific,40200,Pct_SF,fixed,Pct_SF,Pct_SF,Pct_SF,sunssf,N/A,Scale Factors,,
ss40k_envyspecific,40200,Ah_SF,fixed,Ah_SF,Ah_SF,Ah_SF,sunssf,N/A,Scale Factors,,
ss40k_envyspecific,40200,Wh1_SF,fixed,Wh1_SF,Wh1_SF,Wh1_SF,sunssf,N/A,Scale Factors,,
ss40k_envyspecific,40200,Wh2_SF,fixed,Wh2_SF,Wh2_SF,Wh2_SF,sunssf,N/A,Scale Factors,,
ss40k_envyspecific,40200,Wh3_SF,fixed,Wh3_SF,Wh3_SF,Wh3_SF,sunssf,N/A,Scale Factors,,
ss40k_envyspecific,40200,reserved7,fixed,reserved7,Reserved,Reserved,string,N/A,Scale Factors,,
ss42k_battery,42100,siteID,fixed,Site ID,Site identifier,Unique identifier for the site this battery belongs to. Reported by the BMS. Data code: 42100.siteID,uint32,N/A,Site information,,Level of Detail: Complete; Equipment: BMS; Component: Battery
ss42k_battery,42100,BatteryId,fixed,Battery ID,Battery identifier in a parallel stack,Identifier used to distinguish this battery in a parallel stack. Reported by the BMS. Data code: 42100.BatteryId,uint16,N/A,Battery information,,Level of Detail: Complete; Equipment: BMS; Component: Battery
ss42k_battery,42100,Md,fixed,BMS Device Model,Model identifier as reported by the BMS,Model identifier as reported by the BMS. Data code: 42100.Md,string,N/A,Battery information,,Level of Detail: Complete; Equipment: BMS; Component: Battery; Type of Data: Nameplate
ss42k_battery,42100,MdName,fixed,BMS Device Model Name,Human-readable model name,Human-readable model name of the battery as reported by the BMS. Data code: 42100.MdName,string,N/A,Battery information,,Level of Detail: Complete; Equipment: BMS; Component: Battery; Type of Data: Nameplate
ss42k_battery,42100,AHRtg,fixed,Nameplate Charge Capacity,Rated charge capacity in amp-hours,Nameplate charge capacity in amp-hours. Reported by the BMS. Data code: 42100.AHRtg,uint16,Ah,Battery information,,Level of Detail: Complete; Equipment: BMS; Component: Battery; Type of Data: Nameplate; Unit: Current
ss42k_battery,42100,WHRtg,fixed,Nameplate Energy Capacity,Rated energy capacity in watt-hours,Nameplate energy capacity in DC watt-hours. Reported by the BMS. Data code: 42100.WHRtg,uint16,Wh,Battery information,,Level of Detail: Complete; Equipment: BMS; Component: Battery; Type of Data: Nameplate; Unit: Energy
ss42k_battery,42100,WChaRteMax,fixed,Max Charge Rate,Maximum DC charge rate in watts,"Maximum DC charge rate the battery can accept, in watts. Reported by the BMS. Data code: 42100.WChaRteMax",uint16,W,Battery information,,Level of Detail: Complete; Equipment: BMS; Component: Battery; Type of Data: Nameplate; Unit: Power
ss42k_battery,42100,WDisChaRteMax,fixed,Max Discharge Rate,Maximum DC discharge rate in watts,"Maximum DC discharge rate the battery can deliver, in watts. Reported by the BMS. Data code: 42100.WDisChaRteMax",uint16,W,Battery information,,Level of Detail: Complete; Equipment: BMS; Component: Battery; Type of Data: Nameplate; Unit: Power
ss42k_battery,42100,Typ,fixed,Battery Type,Battery chemistry type,Battery chemistry type as reported by the BMS. Data code: 42100.Typ,enum16,N/A,Battery information,"{0: 'Not applicable / Unknown', 1: 'Lead acid', 2: 'Nickel metal hydrate', 3: 'Nickel cadmium', 4: 'Lithium ion', 5: 'Carbon zinc', 6: 'Zinc chloride', 7: 'Alkaline', 8: 'Rechargeable alkaline', 9: 'Sodium sulfur', 10: 'Flow', 99: 'Other'}",Level of Detail: Complete; Equipment: BMS; Component: Battery; Type of Data: Nameplate
ss42k_battery,42100,hwVer,fixed,BMS Hardware Version,Hardware version as reported by the BMS,Hardware version as reported by the BMS. Data code: 42100.hwVer,string,N/A,Battery information,,Level of Detail: Complete; Equipment: BMS; Component: Battery; Type of Data: Nameplate
ss42k_battery,42100,fwVer,fixed,BMS Firmware Version,Firmware version as reported by the BMS,Firmware version as reported by the BMS. Data code: 42100.fwVer,string,N/A,Battery information,,Level of Detail: Complete; Equipment: BMS; Component: Battery; Type of Data: Nameplate
ss42k_battery,42101,siteID,fixed,Site ID,Site identifier,Unique identifier for the site this battery belongs to. Reported by the BMS. Data code: 42101.siteID,uint32,N/A,Site information,,Level of Detail: Complete; Equipment: BMS; Component: Battery
ss42k_battery,42101,BatteryId,fixed,Battery ID,Battery identifier in a parallel stack,Identifier used to distinguish this battery in a parallel stack. Reported by the BMS. Data code: 42101.BatteryId,uint16,N/A,Battery information,,Level of Detail: Complete; Equipment: BMS; Component: Battery
ss42k_battery,42101,St,fixed,Connection Status,Whether the battery is connected or disconnected,Whether the battery is connected to the system or disconnected. Reported by the BMS. Data code: 42101.St,enum16,N/A,Battery Monitoring,"{0: 'Disconnected from system.', 1: 'Connected into system'}",Level of Detail: Complete; Equipment: BMS; Component: Battery; Type of Data: Status
ss42k_battery,42101,ChaSt,fixed,Charge Status,"Charging, discharging, idle, or off","Current charge activity of the battery: charging, discharging, idle, or off. Reported by the BMS. Data code: 42101.ChaSt",enum16,N/A,Battery Monitoring,"{0: False, 1: 'Charging', 2: 'Discharging', 3: 'Idle'}",Level of Detail: Complete; Equipment: BMS; Component: Battery; Type of Data: Status
ss42k_battery,42101,ConSt,fixed,Contactor Status,Bit flags for contactor states,Bit flags indicating which contactors are currently engaged on the battery. Reported by the BMS. Data code: 42101.ConSt,bitfield32,N/A,Battery Monitoring,"{0: 'CONTACTOR_0', 1: 'CONTACTOR_1', 2: 'CONTACTOR_2', 3: 'CONTACTOR_3', 4: 'CONTACTOR_4', 5: 'CONTACTOR_5', 6: 'CONTACTOR_6', 7: 'CONTACTOR_7', 8: 'CONTACTOR_8', 9: 'CONTACTOR_9', 10: 'CONTACTOR_10', 11: 'CONTACTOR_11', 12: 'CONTACTOR_12', 13: 'CONTACTOR_13', 14: 'CONTACTOR_14', 15: 'CONTACTOR_15', 16: 'CONTACTOR_16', 17: 'CONTACTOR_17', 18: 'CONTACTOR_18', 19: 'CONTACTOR_19', 20: 'CONTACTOR_20', 21: 'CONTACTOR_21', 22: 'CONTACTOR_22', 23: 'CONTACTOR_23', 24: 'CONTACTOR_24', 25: 'CONTACTOR_25', 26: 'CONTACTOR_26', 27: 'CONTACTOR_27', 28: 'CONTACTOR_28', 29: 'CONTACTOR_29', 30: 'CONTACTOR_30'}",Level of Detail: Complete; Equipment: BMS; Component: Battery; Type of Data: Status
ss42k_battery,42101,SoC,fixed,State of Charge (BMS),Battery state of charge percentage from the BMS,Battery state of charge as a percentage. This is the value reported directly by the BMS.  It is possible for this to differ from the value reported by the inverter. Data code: 42101.SoC,uint16,%,Battery Monitoring,,Level of Detail: Complete; Equipment: BMS; Component: Battery; Type of Data: Readings; Unit: %
ss42k_battery,42101,SoH,fixed,State of Health (BMS),Battery state of health percentage from the BMS,Battery state of health as a percentage. This is the value reported directly by the BMS. Data code: 42101.SoH,uint16,%,Battery Monitoring,,Level of Detail: Complete; Equipment: BMS; Component: Battery; Type of Data: Readings; Unit: %
ss42k_battery,42101,A,fixed,BMS Current,DC current as reported by the BMS,DC current as reported by the BMS. This may differ from the inverter-reported battery current. Data code: 42101.A,int16,A,Battery Monitoring,,Level of Detail: Complete; Equipment: BMS; Component: Battery; Type of Data: Readings; Unit: Current
ss42k_battery,42101,V,fixed,BMS Voltage,DC voltage as reported by the BMS,Measured DC voltage of the battery as reported by the BMS. Data code: 42101.V,uint16,V,Battery Monitoring,,Level of Detail: Complete; Equipment: BMS; Component: Battery; Type of Data: Readings; Unit: Volt
ss42k_battery,42101,W,fixed,BMS Power,DC power as reported by the BMS,DC power as reported by the BMS. This may differ from the inverter-reported battery power. Data code: 42101.W,int16,W,Battery Monitoring,,Level of Detail: Complete; Equipment: BMS; Component: Battery; Type of Data: Readings; Unit: Power
ss42k_battery,42101,CellVMax,fixed,Max Cell Voltage,Highest individual cell voltage,Highest individual cell voltage in the battery. Reported by the BMS. Data code: 42101.CellVMax,uint16,V,Battery Monitoring,,Level of Detail: Complete; Equipment: BMS; Component: Battery; Type of Data: Readings; Unit: Volt
ss42k_battery,42101,CellVMaxNCell,fixed,Cell with Highest Voltage,Which cell has the highest voltage,Identifies which cell in the battery has the highest voltage. Useful for spotting imbalances. Reported by the BMS. Data code: 42101.CellVMaxNCell,uint16,N/A,Battery Monitoring,,Level of Detail: Complete; Equipment: BMS; Component: Battery; Type of Data: Readings
ss42k_battery,42101,CellVMin,fixed,Min Cell Voltage,Lowest individual cell voltage,Lowest individual cell voltage in the battery. Reported by the BMS. Data code: 42101.CellVMin,uint16,V,Battery Monitoring,,Level of Detail: Complete; Equipment: BMS; Component: Battery; Type of Data: Readings; Unit: Volt
ss42k_battery,42101,CellVMinNCell,fixed,Cell with Lowest Voltage,Which cell has the lowest voltage,Identifies which cell in the battery has the lowest voltage. Useful for spotting imbalances. Reported by the BMS. Data code: 42101.CellVMinNCell,uint16,N/A,Battery Monitoring,,Level of Detail: Complete; Equipment: BMS; Component: Battery; Type of Data: Readings
ss42k_battery,42101,ModTmpMax,fixed,Max Module Temperature,Highest module temperature,Highest module temperature in the battery. Reported by the BMS. Data code: 42101.ModTmpMax,int16,C,Battery Monitoring,,Level of Detail: Complete; Equipment: BMS; Component: Battery; Type of Data: Readings; Unit: Temp
ss42k_battery,42101,ModTmpMaxN,fixed,Module with Highest Temperature,Which module is running hottest,Identifies which module in the battery is running the hottest. Helpful for diagnosing thermal issues. Reported by the BMS. Data code: 42101.ModTmpMaxN,uint16,N/A,Battery Monitoring,,Level of Detail: Complete; Equipment: BMS; Component: Battery; Type of Data: Readings
ss42k_battery,42101,ModTmpMin,fixed,Min Module Temperature,Lowest module temperature,Lowest module temperature in the battery. Reported by the BMS. Data code: 42101.ModTmpMin,int16,C,Battery Monitoring,,Level of Detail: Complete; Equipment: BMS; Component: Battery; Type of Data: Readings; Unit: Temp
ss42k_battery,42101,ModTmpMinN,fixed,Module with Lowest Temperature,Which module is running coolest,Identifies which module in the battery is running the coolest. Helpful for diagnosing thermal issues. Reported by the BMS. Data code: 42101.ModTmpMinN,uint16,N/A,Battery Monitoring,,Level of Detail: Complete; Equipment: BMS; Component: Battery; Type of Data: Readings
ss42k_battery,42101,AChaMax,fixed,Max Charge Current,Instantaneous max DC charge current allowed,Instantaneous maximum DC charge current the battery will accept right now. Reported by the BMS. Data code: 42101.AChaMax,uint16,A,Battery Monitoring,,Level of Detail: Complete; Equipment: BMS; Component: Battery; Type of Data: Readings; Unit: Current
ss42k_battery,42101,ADisChaMax,fixed,Max Discharge Current,Instantaneous max DC discharge current allowed,Instantaneous maximum DC discharge current the battery will allow right now. Reported by the BMS. Data code: 42101.ADisChaMax,uint16,A,Battery Monitoring,,Level of Detail: Complete; Equipment: BMS; Component: Battery; Type of Data: Readings; Unit: Current
ss42k_battery,42101,cyclesBat,fixed,Battery Cycle Count,Total charge/discharge cycles completed,Total number of charge/discharge cycles the battery has completed. Reported by the BMS. Data code: 42101.cyclesBat,uint16,N/A,Battery Monitoring,,Level of Detail: Complete; Equipment: BMS; Component: Battery; Type of Data: Readings
ss42k_battery,42101,HeaterStatus,fixed,Heater Status,Whether the battery heater is on or off,Whether the battery heater is currently on or off. Reported by the BMS. Data code: 42101.HeaterStatus,enum16,N/A,Battery Monitoring,"{0: False, 1: True}",Level of Detail: Complete; Equipment: BMS; Component: Battery; Type of Data: Status
ss42k_battery,42101,eBatDischgTot,fixed,BMS Total Discharge Energy,"Cumulative energy discharged from the battery over its lifetime, as reported by the BMS","Cumulative energy discharged from the battery over its lifetime, as tracked by the BMS. Data code: 42101.eBatDischgTot",uint32,Wh,Battery Monitoring,,Level of Detail: Complete; Equipment: BMS; Component: Battery; Type of Data: Readings; Unit: Energy
ss42k_battery,42101,vPrChg,fixed,Precharge Voltage,Battery precharge voltage,Precharge voltage of the battery. Reported by the BMS. Data code: 42101.vPrChg,uint16,V,Battery Monitoring,,Level of Detail: Complete; Equipment: BMS; Component: Battery; Type of Data: Readings; Unit: Volt
ss42k_battery,42101,capBat,fixed,BMS Battery Capacity,"Battery capacity as reported by the BMS, in amp-hours","Battery capacity as reported by the BMS, in amp-hours. Data code: 42101.capBat",uint16,Ah,Battery Monitoring,,Level of Detail: Complete; Equipment: BMS; Component: Battery; Type of Data: Readings; Unit: Current
ss42k_battery,42101,requestFlag,fixed,BMS Request Flags,BMS requests for charge/discharge control,"Bit flags for BMS requests such as full charge, force charge, and charge/discharge enable. Reported by the BMS. Data code: 42101.requestFlag",bitfield32,N/A,Battery Monitoring,"{0: 'FullChargeRequest', 1: 'ForceChargeRequest', 2: 'DischargeEnable', 3: 'ChargeEnable'}",Level of Detail: Complete; Equipment: BMS; Component: Battery; Type of Data: Status
ss42k_battery,42103,siteID,fixed,Site ID,Site identifier,Unique identifier for the site this battery belongs to. Reported by the BMS. Data code: 42103.siteID,uint32,N/A,Site information,,Level of Detail: Complete; Equipment: BMS; Component: Battery
ss42k_battery,42103,BatteryId,fixed,Battery ID,Battery identifier in a parallel stack,Identifier used to distinguish this battery in a parallel stack. Reported by the BMS. Data code: 42103.BatteryId,uint16,N/A,Battery information,,Level of Detail: Complete; Equipment: BMS; Component: Battery
ss42k_battery,42103,BatteryFault,fixed,Battery Faults,Level 1 fault flags from the BMS,Level 1 battery fault flags. Each bit represents a specific fault condition. Reported by the BMS. Data code: 42103.BatteryFault,bitfield32,N/A,Battery Alerts,"{0: 'UNDER_VOLT_ALARM', 1: 'OVER_VOLT_ALARM', 2: 'UNDER_CELL_VOLT_ALARM', 3: 'OVER_CELL_VOLT_ALARM', 4: 'OVER_TEMP_ALARM', 5: 'UNDER_TEMP_ALARM', 6: 'OVER_DISCHARGE_CURRENT_ALARM', 7: 'OVER_CHARGE_CURRENT_ALARM', 8: 'UNDER_SOC_MIN_ALARM', 9: 'COMMUNICATION_ERROR', 10: 'INSULATION_ERROR', 11: 'VOLTAGE_IMBALANCE_ALARM', 12: 'TEMPERATURE_IMBALANCE_ALARM', 13: 'SHORT_CIRCUIT_ERROR', 14: 'RESERVED_1', 15: 'PRECHARGE_ERROR'}",Level of Detail: Complete; Equipment: BMS; Component: Battery; Type of Data: Alarms/Faults
ss42k_battery,42103,BatteryWarning1,fixed,Battery Warnings Level 2,Level 2 warning flags from the BMS,Level 2 battery warning flags. Each bit represents a specific warning condition. Reported by the BMS. Data code: 42103.BatteryWarning1,bitfield32,N/A,Battery Alerts,"{0: 'UNDER_VOLT_WARNING', 1: 'OVER_VOLT_WARNING', 2: 'UNDER_CELL_VOLT_WARNING', 3: 'OVER_CELL_VOLT_WARNING', 4: 'OVER_TEMP_WARNING', 5: 'UNDER_TEMP_WARNING', 6: 'OVER_DISCHARGE_CURRENT_WARNING', 7: 'OVER_CHARGE_CURRENT_WARNING', 8: 'UNDER_SOC_MIN_WARNING', 9: 'COMMUNICATION_WARNING', 10: 'INSULATION_WARNING', 11: 'VOLTAGE_IMBALANCE_WARNING', 12: 'TEMPERATURE_IMBALANCE_WARNING', 13: 'SHORT_CIRCUIT_WARNING', 14: 'RESERVED_1', 15: 'PRECHARGE_WARNING'}",Level of Detail: Complete; Equipment: BMS; Component: Battery; Type of Data: Alarms/Faults
ss42k_battery,42103,BatteryWarning2,fixed,Battery Warnings Level 3,Level 3 warning flags from the BMS,Level 3 battery warning flags. Each bit represents a specific warning condition. Reported by the BMS. Data code: 42103.BatteryWarning2,bitfield32,N/A,Battery Alerts,"{0: 'UNDER_VOLT_WARNING', 1: 'OVER_VOLT_WARNING', 2: 'UNDER_CELL_VOLT_WARNING', 3: 'OVER_CELL_VOLT_WARNING', 4: 'OVER_TEMP_WARNING', 5: 'UNDER_TEMP_WARNING', 6: 'OVER_DISCHARGE_CURRENT_WARNING', 7: 'OVER_CHARGE_CURRENT_WARNING', 8: 'UNDER_SOC_MIN_WARNING', 9: 'COMMUNICATION_WARNING', 10: 'INSULATION_WARNING', 11: 'VOLTAGE_IMBALANCE_WARNING', 12: 'TEMPERATURE_IMBALANCE_WARNING', 13: 'SHORT_CIRCUIT_WARNING', 14: 'RESERVED_1', 15: 'PRECHARGE_WARNING'}",Level of Detail: Complete; Equipment: BMS; Component: Battery; Type of Data: Alarms/Faults
ss42k_battery,42103,SamplingFault,fixed,Sampling Faults,Sensor sampling fault flags from the BMS,"Sampling fault flags for voltage, current, and temperature sensors. Reported by the BMS. Data code: 42103.SamplingFault",bitfield32,N/A,Battery Alerts,"{0: 'VOLTAGE_SAMPLING_ALARM', 1: 'CURRENT_SAMPLING_ALARM', 2: 'TEMP_SAMPLING_ALARM'}",Level of Detail: Complete; Equipment: BMS; Component: Battery; Type of Data: Alarms/Faults
ss42k_battery,42104,siteID,fixed,Site ID,Site identifier,Unique identifier for the site this battery belongs to. Reported by the BMS. Data code: 42104.siteID,uint32,N/A,Site information,,Level of Detail: Complete; Equipment: BMS; Component: Battery
ss42k_battery,42104,BatteryId,fixed,Battery ID,Battery identifier in a parallel stack,Identifier used to distinguish this battery in a parallel stack. Reported by the BMS. Data code: 42104.BatteryId,uint16,N/A,Battery information,,Level of Detail: Complete; Equipment: BMS; Component: Battery
ss42k_battery,42104,AutoHeaterEnable,fixed,Auto Heater Enable,Whether the heater can turn on automatically,Controls whether the battery heater is allowed to turn on automatically. Reported by the BMS. Data code: 42104.AutoHeaterEnable,enum16,N/A,Battery config,"{0: 'Heater is always disabled (never turns on)', 1: 'Heater can turn on automatically based on system logic'}",Level of Detail: Complete; Equipment: BMS; Component: Battery; Type of Data: Settings
ss42k_battery,42104,PCSPrtclMfr,fixed,PCS Protocol Manufacturer,Which PCS protocol the BMS is using,Manufacturer of the PCS protocol the battery communicates with. Reported by the BMS. Data code: 42104.PCSPrtclMfr,enum16,N/A,Battery config,"{1: 'Schneider', 2: 'SMA', 3: 'Victron', 4: 'Growatt', 5: 'Fortress Power', 6: 'sol_Ark'}",Level of Detail: Complete; Equipment: BMS; Component: Battery; Type of Data: Settings
